,Transaction Date,Item,Quantity
0,2023-01-01,Cake,7
1,2023-01-01,Coffee,8
2,2023-01-01,Juice,6
3,2023-01-01,Salad,2
4,2023-01-01,Sandwich,11
5,2023-01-01,Smoothie,2
6,2023-01-01,Tea,3
7,2023-01-02,Cake,3
8,2023-01-02,Cookie,9
9,2023-01-02,Salad,4
10,2023-01-02,Sandwich,9
11,2023-01-02,Smoothie,3
12,2023-01-02,Tea,2
13,2023-01-03,Cake,9
14,2023-01-03,Coffee,3
15,2023-01-03,Cookie,4
16,2023-01-03,Juice,9
17,2023-01-03,Salad,5
18,2023-01-03,Sandwich,6
19,2023-01-04,Cake,3
20,2023-01-04,Coffee,11
21,2023-01-04,Juice,6
22,2023-01-04,Salad,9
23,2023-01-04,Sandwich,10
24,2023-01-04,Smoothie,13
25,2023-01-04,Tea,2
26,2023-01-05,Cake,9
27,2023-01-05,Coffee,10
28,2023-01-05,Cookie,7
29,2023-01-05,Juice,18
30,2023-01-05,Salad,18
31,2023-01-05,Sandwich,14
32,2023-01-05,Smoothie,1
33,2023-01-05,Tea,12
34,2023-01-06,Cake,4
35,2023-01-06,Coffee,23
36,2023-01-06,Cookie,5
37,2023-01-06,Juice,8
38,2023-01-06,Salad,7
39,2023-01-06,Sandwich,12
40,2023-01-06,Smoothie,4
41,2023-01-06,Tea,17
42,2023-01-07,Cake,5
43,2023-01-07,Coffee,1
44,2023-01-07,Cookie,17
45,2023-01-07,Juice,4
46,2023-01-07,Salad,4
47,2023-01-07,Sandwich,2
48,2023-01-07,Smoothie,13
49,2023-01-07,Tea,3
50,2023-01-08,Cake,13
51,2023-01-08,Coffee,10
52,2023-01-08,Juice,2
53,2023-01-08,Salad,13
54,2023-01-08,Sandwich,8
55,2023-01-08,Smoothie,7
56,2023-01-08,Tea,4
57,2023-01-09,Coffee,22
58,2023-01-09,Cookie,3
59,2023-01-09,Juice,2
60,2023-01-09,Salad,9
61,2023-01-09,Sandwich,1
62,2023-01-09,Smoothie,11
63,2023-01-09,Tea,4
64,2023-01-10,Cake,7
65,2023-01-10,Coffee,5
66,2023-01-10,Cookie,7
67,2023-01-10,Juice,20
68,2023-01-10,Salad,10
69,2023-01-10,Sandwich,9
70,2023-01-10,Smoothie,2
71,2023-01-11,Cake,6
72,2023-01-11,Coffee,8
73,2023-01-11,Cookie,4
74,2023-01-11,Juice,4
75,2023-01-11,Salad,4
76,2023-01-11,Sandwich,7
77,2023-01-11,Smoothie,3
78,2023-01-11,Tea,6
79,2023-01-12,Cake,7
80,2023-01-12,Coffee,5
81,2023-01-12,Cookie,5
82,2023-01-12,Juice,20
83,2023-01-12,Salad,13
84,2023-01-12,Sandwich,16
85,2023-01-12,Smoothie,10
86,2023-01-12,Tea,7
87,2023-01-13,Cake,5
88,2023-01-13,Coffee,1
89,2023-01-13,Cookie,4
90,2023-01-13,Juice,12
91,2023-01-13,Salad,5
92,2023-01-13,Sandwich,14
93,2023-01-13,Smoothie,7
94,2023-01-14,Coffee,4
95,2023-01-14,Cookie,16
96,2023-01-14,Juice,13
97,2023-01-14,Salad,11
98,2023-01-14,Sandwich,7
99,2023-01-14,Smoothie,6
100,2023-01-14,Tea,12
101,2023-01-15,Cake,3
102,2023-01-15,Coffee,5
103,2023-01-15,Cookie,4
104,2023-01-15,Juice,9
105,2023-01-15,Salad,4
106,2023-01-15,Sandwich,6
107,2023-01-15,Smoothie,4
108,2023-01-15,Tea,9
109,2023-01-16,Cake,3
110,2023-01-16,Coffee,2
111,2023-01-16,Cookie,7
112,2023-01-16,Juice,7
113,2023-01-16,Salad,4
114,2023-01-16,Sandwich,21
115,2023-01-16,Smoothie,6
116,2023-01-17,Cake,10
117,2023-01-17,Cookie,10
118,2023-01-17,Juice,11
119,2023-01-17,Salad,10
120,2023-01-17,Sandwich,11
121,2023-01-17,Smoothie,5
122,2023-01-17,Tea,14
123,2023-01-18,Cake,9
124,2023-01-18,Coffee,8
125,2023-01-18,Cookie,10
126,2023-01-18,Juice,5
127,2023-01-18,Salad,9
128,2023-01-18,Sandwich,6
129,2023-01-18,Smoothie,5
130,2023-01-18,Tea,4
131,2023-01-19,Cake,13
132,2023-01-19,Coffee,5
133,2023-01-19,Cookie,14
134,2023-01-19,Juice,5
135,2023-01-19,Salad,1
136,2023-01-19,Smoothie,2
137,2023-01-19,Tea,8
138,2023-01-20,Cake,16
139,2023-01-20,Coffee,8
140,2023-01-20,Cookie,8
141,2023-01-20,Juice,4
142,2023-01-20,Salad,6
143,2023-01-20,Sandwich,1
144,2023-01-20,Tea,5
145,2023-01-21,Cake,15
146,2023-01-21,Coffee,12
147,2023-01-21,Cookie,3
148,2023-01-21,Juice,12
149,2023-01-21,Salad,10
150,2023-01-21,Sandwich,15
151,2023-01-21,Smoothie,1
152,2023-01-21,Tea,7
153,2023-01-22,Coffee,8
154,2023-01-22,Cookie,3
155,2023-01-22,Juice,17
156,2023-01-22,Salad,8
157,2023-01-22,Sandwich,6
158,2023-01-22,Smoothie,2
159,2023-01-22,Tea,4
160,2023-01-23,Cake,4
161,2023-01-23,Coffee,7
162,2023-01-23,Cookie,1
163,2023-01-23,Juice,7
164,2023-01-23,Salad,12
165,2023-01-23,Sandwich,11
166,2023-01-23,Tea,5
167,2023-01-24,Cake,4
168,2023-01-24,Coffee,2
169,2023-01-24,Cookie,4
170,2023-01-24,Juice,14
171,2023-01-24,Salad,5
172,2023-01-24,Sandwich,9
173,2023-01-24,Smoothie,1
174,2023-01-25,Cake,14
175,2023-01-25,Coffee,8
176,2023-01-25,Juice,19
177,2023-01-25,Salad,3
178,2023-01-25,Sandwich,8
179,2023-01-25,Smoothie,4
180,2023-01-25,Tea,10
181,2023-01-26,Cake,5
182,2023-01-26,Coffee,8
183,2023-01-26,Cookie,15
184,2023-01-26,Juice,9
185,2023-01-26,Salad,2
186,2023-01-26,Sandwich,4
187,2023-01-26,Smoothie,1
188,2023-01-26,Tea,15
189,2023-01-27,Cake,3
190,2023-01-27,Coffee,2
191,2023-01-27,Cookie,10
192,2023-01-27,Juice,13
193,2023-01-27,Salad,9
194,2023-01-27,Sandwich,11
195,2023-01-27,Smoothie,3
196,2023-01-27,Tea,6
197,2023-01-28,Cake,15
198,2023-01-28,Coffee,5
199,2023-01-28,Cookie,4
200,2023-01-28,Salad,12
201,2023-01-28,Sandwich,7
202,2023-01-28,Smoothie,13
203,2023-01-28,Tea,10
204,2023-01-29,Cake,8
205,2023-01-29,Coffee,2
206,2023-01-29,Cookie,19
207,2023-01-29,Juice,2
208,2023-01-29,Salad,10
209,2023-01-29,Sandwich,7
210,2023-01-29,Smoothie,8
211,2023-01-29,Tea,11
212,2023-01-30,Cake,17
213,2023-01-30,Coffee,8
214,2023-01-30,Cookie,4
215,2023-01-30,Juice,21
216,2023-01-30,Salad,10
217,2023-01-30,Sandwich,10
218,2023-01-30,Smoothie,8
219,2023-01-30,Tea,10
220,2023-01-31,Cake,7
221,2023-01-31,Coffee,7
222,2023-01-31,Cookie,2
223,2023-01-31,Juice,10
224,2023-01-31,Salad,4
225,2023-01-31,Sandwich,7
226,2023-01-31,Smoothie,5
227,2023-01-31,Tea,9
228,2023-02-01,Cake,11
229,2023-02-01,Coffee,3
230,2023-02-01,Cookie,14
231,2023-02-01,Juice,1
232,2023-02-01,Salad,7
233,2023-02-01,Sandwich,3
234,2023-02-01,Smoothie,12
235,2023-02-01,Tea,7
236,2023-02-02,Cake,4
237,2023-02-02,Coffee,10
238,2023-02-02,Juice,9
239,2023-02-02,Sandwich,9
240,2023-02-02,Smoothie,8
241,2023-02-02,Tea,1
242,2023-02-03,Cake,13
243,2023-02-03,Coffee,18
244,2023-02-03,Cookie,5
245,2023-02-03,Juice,17
246,2023-02-03,Salad,10
247,2023-02-03,Sandwich,6
248,2023-02-03,Tea,2
249,2023-02-04,Coffee,4
250,2023-02-04,Cookie,7
251,2023-02-04,Juice,10
252,2023-02-04,Salad,9
253,2023-02-04,Sandwich,5
254,2023-02-04,Smoothie,15
255,2023-02-05,Cake,10
256,2023-02-05,Coffee,3
257,2023-02-05,Juice,5
258,2023-02-05,Salad,13
259,2023-02-05,Sandwich,5
260,2023-02-05,Smoothie,6
261,2023-02-05,Tea,6
262,2023-02-06,Cake,10
263,2023-02-06,Coffee,11
264,2023-02-06,Cookie,9
265,2023-02-06,Juice,22
266,2023-02-06,Salad,3
267,2023-02-06,Smoothie,5
268,2023-02-06,Tea,23
269,2023-02-07,Cake,7
270,2023-02-07,Coffee,8
271,2023-02-07,Cookie,24
272,2023-02-07,Juice,13
273,2023-02-07,Salad,10
274,2023-02-07,Sandwich,3
275,2023-02-07,Smoothie,7
276,2023-02-07,Tea,17
277,2023-02-08,Cake,3
278,2023-02-08,Coffee,4
279,2023-02-08,Cookie,7
280,2023-02-08,Juice,1
281,2023-02-08,Salad,11
282,2023-02-08,Sandwich,4
283,2023-02-08,Smoothie,3
284,2023-02-08,Tea,13
285,2023-02-09,Cake,6
286,2023-02-09,Coffee,22
287,2023-02-09,Juice,8
288,2023-02-09,Salad,2
289,2023-02-09,Smoothie,13
290,2023-02-09,Tea,11
291,2023-02-10,Cake,6
292,2023-02-10,Coffee,9
293,2023-02-10,Cookie,5
294,2023-02-10,Juice,9
295,2023-02-10,Salad,4
296,2023-02-10,Sandwich,14
297,2023-02-10,Smoothie,15
298,2023-02-10,Tea,11
299,2023-02-11,Cake,7
300,2023-02-11,Coffee,5
301,2023-02-11,Cookie,4
302,2023-02-11,Juice,9
303,2023-02-11,Salad,10
304,2023-02-11,Sandwich,17
305,2023-02-12,Cake,5
306,2023-02-12,Cookie,9
307,2023-02-12,Salad,10
308,2023-02-12,Sandwich,10
309,2023-02-12,Tea,5
310,2023-02-13,Cake,6
311,2023-02-13,Coffee,18
312,2023-02-13,Cookie,8
313,2023-02-13,Juice,7
314,2023-02-13,Salad,1
315,2023-02-13,Sandwich,11
316,2023-02-13,Smoothie,5
317,2023-02-13,Tea,8
318,2023-02-14,Cake,7
319,2023-02-14,Coffee,20
320,2023-02-14,Cookie,10
321,2023-02-14,Juice,8
322,2023-02-14,Salad,4
323,2023-02-14,Tea,12
324,2023-02-15,Cake,5
325,2023-02-15,Coffee,9
326,2023-02-15,Cookie,14
327,2023-02-15,Juice,10
328,2023-02-15,Salad,6
329,2023-02-15,Sandwich,5
330,2023-02-15,Smoothie,21
331,2023-02-15,Tea,10
332,2023-02-16,Cake,13
333,2023-02-16,Coffee,4
334,2023-02-16,Cookie,7
335,2023-02-16,Juice,12
336,2023-02-16,Salad,3
337,2023-02-16,Sandwich,11
338,2023-02-16,Smoothie,12
339,2023-02-16,Tea,13
340,2023-02-17,Coffee,2
341,2023-02-17,Cookie,3
342,2023-02-17,Juice,10
343,2023-02-17,Sandwich,7
344,2023-02-17,Smoothie,5
345,2023-02-17,Tea,8
346,2023-02-18,Cake,6
347,2023-02-18,Coffee,23
348,2023-02-18,Cookie,2
349,2023-02-18,Juice,13
350,2023-02-18,Salad,9
351,2023-02-18,Sandwich,8
352,2023-02-18,Smoothie,3
353,2023-02-18,Tea,8
354,2023-02-19,Cake,18
355,2023-02-19,Coffee,10
356,2023-02-19,Cookie,5
357,2023-02-19,Juice,12
358,2023-02-19,Salad,15
359,2023-02-19,Sandwich,5
360,2023-02-19,Smoothie,1
361,2023-02-19,Tea,4
362,2023-02-20,Cake,5
363,2023-02-20,Coffee,7
364,2023-02-20,Cookie,3
365,2023-02-20,Juice,13
366,2023-02-20,Salad,5
367,2023-02-20,Sandwich,10
368,2023-02-20,Smoothie,3
369,2023-02-20,Tea,7
370,2023-02-21,Cake,16
371,2023-02-21,Coffee,19
372,2023-02-21,Cookie,4
373,2023-02-21,Juice,7
374,2023-02-21,Salad,6
375,2023-02-21,Sandwich,7
376,2023-02-21,Smoothie,8
377,2023-02-21,Tea,11
378,2023-02-22,Cake,2
379,2023-02-22,Coffee,7
380,2023-02-22,Juice,8
381,2023-02-22,Salad,11
382,2023-02-22,Sandwich,8
383,2023-02-22,Smoothie,3
384,2023-02-22,Tea,5
385,2023-02-23,Cookie,4
386,2023-02-23,Juice,3
387,2023-02-23,Salad,4
388,2023-02-23,Sandwich,1
389,2023-02-23,Smoothie,11
390,2023-02-23,Tea,2
391,2023-02-24,Cake,1
392,2023-02-24,Coffee,6
393,2023-02-24,Cookie,2
394,2023-02-24,Juice,21
395,2023-02-24,Salad,10
396,2023-02-24,Sandwich,15
397,2023-02-24,Smoothie,6
398,2023-02-24,Tea,2
399,2023-02-25,Cake,7
400,2023-02-25,Coffee,8
401,2023-02-25,Cookie,7
402,2023-02-25,Juice,10
403,2023-02-25,Salad,7
404,2023-02-25,Sandwich,13
405,2023-02-25,Smoothie,10
406,2023-02-26,Cake,3
407,2023-02-26,Coffee,5
408,2023-02-26,Cookie,11
409,2023-02-26,Juice,6
410,2023-02-26,Salad,4
411,2023-02-26,Sandwich,8
412,2023-02-26,Smoothie,3
413,2023-02-26,Tea,9
414,2023-02-27,Cake,11
415,2023-02-27,Coffee,5
416,2023-02-27,Cookie,10
417,2023-02-27,Juice,13
418,2023-02-27,Salad,11
419,2023-02-27,Sandwich,3
420,2023-02-27,Smoothie,5
421,2023-02-27,Tea,15
422,2023-02-28,Cake,2
423,2023-02-28,Coffee,12
424,2023-02-28,Juice,19
425,2023-02-28,Salad,3
426,2023-02-28,Sandwich,3
427,2023-02-28,Smoothie,10
428,2023-02-28,Tea,14
429,2023-03-01,Cake,6
430,2023-03-01,Coffee,5
431,2023-03-01,Cookie,9
432,2023-03-01,Juice,4
433,2023-03-01,Salad,4
434,2023-03-01,Sandwich,5
435,2023-03-01,Smoothie,2
436,2023-03-01,Tea,15
437,2023-03-02,Cake,5
438,2023-03-02,Coffee,16
439,2023-03-02,Cookie,16
440,2023-03-02,Juice,5
441,2023-03-02,Salad,8
442,2023-03-02,Sandwich,11
443,2023-03-02,Smoothie,3
444,2023-03-02,Tea,12
445,2023-03-03,Cake,5
446,2023-03-03,Coffee,19
447,2023-03-03,Cookie,5
448,2023-03-03,Juice,5
449,2023-03-03,Salad,3
450,2023-03-03,Smoothie,5
451,2023-03-03,Tea,9
452,2023-03-04,Cake,3
453,2023-03-04,Coffee,4
454,2023-03-04,Cookie,14
455,2023-03-04,Juice,10
456,2023-03-04,Salad,10
457,2023-03-04,Sandwich,5
458,2023-03-04,Smoothie,3
459,2023-03-04,Tea,5
460,2023-03-05,Cake,10
461,2023-03-05,Coffee,6
462,2023-03-05,Cookie,5
463,2023-03-05,Juice,6
464,2023-03-05,Salad,6
465,2023-03-05,Sandwich,12
466,2023-03-05,Smoothie,6
467,2023-03-05,Tea,3
468,2023-03-06,Cake,8
469,2023-03-06,Coffee,23
470,2023-03-06,Cookie,5
471,2023-03-06,Juice,10
472,2023-03-06,Salad,4
473,2023-03-06,Sandwich,20
474,2023-03-06,Smoothie,7
475,2023-03-06,Tea,9
476,2023-03-07,Cake,12
477,2023-03-07,Coffee,5
478,2023-03-07,Cookie,9
479,2023-03-07,Juice,7
480,2023-03-07,Salad,8
481,2023-03-07,Sandwich,9
482,2023-03-07,Smoothie,10
483,2023-03-07,Tea,11
484,2023-03-08,Cake,9
485,2023-03-08,Coffee,7
486,2023-03-08,Cookie,22
487,2023-03-08,Juice,6
488,2023-03-08,Salad,6
489,2023-03-08,Smoothie,5
490,2023-03-08,Tea,7
491,2023-03-09,Cake,4
492,2023-03-09,Coffee,1
493,2023-03-09,Cookie,5
494,2023-03-09,Juice,15
495,2023-03-09,Salad,5
496,2023-03-09,Sandwich,4
497,2023-03-09,Smoothie,1
498,2023-03-09,Tea,1
499,2023-03-10,Cake,2
500,2023-03-10,Coffee,7
501,2023-03-10,Cookie,10
502,2023-03-10,Juice,3
503,2023-03-10,Sandwich,20
504,2023-03-10,Smoothie,5
505,2023-03-10,Tea,1
506,2023-03-11,Coffee,5
507,2023-03-11,Cookie,4
508,2023-03-11,Juice,6
509,2023-03-11,Salad,9
510,2023-03-11,Sandwich,8
511,2023-03-11,Smoothie,6
512,2023-03-11,Tea,4
513,2023-03-12,Cake,8
514,2023-03-12,Coffee,4
515,2023-03-12,Juice,8
516,2023-03-12,Salad,5
517,2023-03-12,Sandwich,12
518,2023-03-12,Smoothie,7
519,2023-03-13,Cake,8
520,2023-03-13,Coffee,4
521,2023-03-13,Cookie,10
522,2023-03-13,Juice,13
523,2023-03-13,Salad,6
524,2023-03-13,Sandwich,14
525,2023-03-13,Smoothie,12
526,2023-03-13,Tea,9
527,2023-03-14,Cake,11
528,2023-03-14,Coffee,11
529,2023-03-14,Cookie,12
530,2023-03-14,Juice,6
531,2023-03-14,Salad,3
532,2023-03-14,Sandwich,6
533,2023-03-14,Smoothie,7
534,2023-03-14,Tea,1
535,2023-03-15,Cake,5
536,2023-03-15,Coffee,6
537,2023-03-15,Cookie,7
538,2023-03-15,Juice,14
539,2023-03-15,Salad,1
540,2023-03-15,Sandwich,2
541,2023-03-15,Smoothie,7
542,2023-03-15,Tea,2
543,2023-03-16,Cake,14
544,2023-03-16,Coffee,23
545,2023-03-16,Cookie,1
546,2023-03-16,Juice,10
547,2023-03-16,Salad,7
548,2023-03-16,Sandwich,11
549,2023-03-16,Smoothie,5
550,2023-03-16,Tea,10
551,2023-03-17,Cake,10
552,2023-03-17,Coffee,8
553,2023-03-17,Salad,2
554,2023-03-17,Sandwich,9
555,2023-03-17,Smoothie,7
556,2023-03-17,Tea,10
557,2023-03-18,Cake,14
558,2023-03-18,Coffee,6
559,2023-03-18,Cookie,12
560,2023-03-18,Juice,1
561,2023-03-18,Salad,12
562,2023-03-18,Sandwich,20
563,2023-03-18,Tea,9
564,2023-03-19,Cake,11
565,2023-03-19,Coffee,6
566,2023-03-19,Juice,11
567,2023-03-19,Salad,14
568,2023-03-19,Sandwich,1
569,2023-03-19,Smoothie,23
570,2023-03-20,Cake,1
571,2023-03-20,Coffee,11
572,2023-03-20,Cookie,15
573,2023-03-20,Juice,4
574,2023-03-20,Salad,8
575,2023-03-20,Sandwich,1
576,2023-03-20,Smoothie,12
577,2023-03-20,Tea,8
578,2023-03-21,Cake,6
579,2023-03-21,Coffee,9
580,2023-03-21,Cookie,5
581,2023-03-21,Juice,17
582,2023-03-21,Salad,1
583,2023-03-21,Sandwich,5
584,2023-03-21,Smoothie,1
585,2023-03-21,Tea,5
586,2023-03-22,Cake,2
587,2023-03-22,Coffee,6
588,2023-03-22,Cookie,5
589,2023-03-22,Juice,2
590,2023-03-22,Salad,12
591,2023-03-22,Sandwich,6
592,2023-03-22,Smoothie,4
593,2023-03-22,Tea,15
594,2023-03-23,Cake,21
595,2023-03-23,Coffee,5
596,2023-03-23,Juice,15
597,2023-03-23,Salad,1
598,2023-03-23,Sandwich,9
599,2023-03-23,Smoothie,6
600,2023-03-23,Tea,7
601,2023-03-24,Cake,7
602,2023-03-24,Coffee,7
603,2023-03-24,Cookie,8
604,2023-03-24,Juice,3
605,2023-03-24,Salad,4
606,2023-03-24,Sandwich,12
607,2023-03-24,Smoothie,11
608,2023-03-24,Tea,7
609,2023-03-25,Cake,5
610,2023-03-25,Coffee,3
611,2023-03-25,Juice,9
612,2023-03-25,Salad,9
613,2023-03-25,Sandwich,5
614,2023-03-25,Tea,3
615,2023-03-26,Cake,2
616,2023-03-26,Coffee,11
617,2023-03-26,Cookie,12
618,2023-03-26,Juice,14
619,2023-03-26,Salad,17
620,2023-03-26,Sandwich,6
621,2023-03-26,Smoothie,2
622,2023-03-26,Tea,9
623,2023-03-27,Coffee,15
624,2023-03-27,Cookie,5
625,2023-03-27,Juice,14
626,2023-03-27,Salad,1
627,2023-03-27,Sandwich,5
628,2023-03-27,Smoothie,2
629,2023-03-27,Tea,14
630,2023-03-28,Cake,4
631,2023-03-28,Coffee,6
632,2023-03-28,Cookie,9
633,2023-03-28,Juice,19
634,2023-03-28,Salad,9
635,2023-03-28,Sandwich,13
636,2023-03-28,Smoothie,5
637,2023-03-28,Tea,3
638,2023-03-29,Cake,6
639,2023-03-29,Coffee,11
640,2023-03-29,Cookie,3
641,2023-03-29,Juice,6
642,2023-03-29,Salad,8
643,2023-03-29,Sandwich,7
644,2023-03-30,Cake,2
645,2023-03-30,Coffee,7
646,2023-03-30,Cookie,9
647,2023-03-30,Juice,20
648,2023-03-30,Salad,8
649,2023-03-30,Smoothie,11
650,2023-03-30,Tea,2
651,2023-03-31,Cake,5
652,2023-03-31,Coffee,4
653,2023-03-31,Cookie,9
654,2023-03-31,Juice,7
655,2023-03-31,Salad,2
656,2023-03-31,Sandwich,2
657,2023-03-31,Smoothie,20
658,2023-03-31,Tea,14
659,2023-04-01,Cake,6
660,2023-04-01,Coffee,24
661,2023-04-01,Cookie,9
662,2023-04-01,Salad,8
663,2023-04-01,Sandwich,5
664,2023-04-01,Smoothie,13
665,2023-04-01,Tea,14
666,2023-04-02,Cake,8
667,2023-04-02,Coffee,8
668,2023-04-02,Cookie,19
669,2023-04-02,Juice,19
670,2023-04-02,Salad,7
671,2023-04-02,Sandwich,5
672,2023-04-02,Smoothie,2
673,2023-04-02,Tea,5
674,2023-04-03,Cake,2
675,2023-04-03,Coffee,13
676,2023-04-03,Cookie,5
677,2023-04-03,Juice,4
678,2023-04-03,Salad,5
679,2023-04-03,Smoothie,4
680,2023-04-03,Tea,4
681,2023-04-04,Cake,1
682,2023-04-04,Cookie,2
683,2023-04-04,Juice,14
684,2023-04-04,Salad,9
685,2023-04-04,Sandwich,3
686,2023-04-04,Smoothie,14
687,2023-04-04,Tea,1
688,2023-04-05,Cake,11
689,2023-04-05,Coffee,13
690,2023-04-05,Cookie,3
691,2023-04-05,Juice,11
692,2023-04-05,Salad,2
693,2023-04-05,Smoothie,3
694,2023-04-05,Tea,5
695,2023-04-06,Cake,17
696,2023-04-06,Coffee,2
697,2023-04-06,Cookie,13
698,2023-04-06,Juice,8
699,2023-04-06,Salad,10
700,2023-04-06,Sandwich,12
701,2023-04-06,Smoothie,11
702,2023-04-06,Tea,5
703,2023-04-07,Cake,5
704,2023-04-07,Coffee,3
705,2023-04-07,Juice,9
706,2023-04-07,Salad,7
707,2023-04-07,Sandwich,2
708,2023-04-07,Smoothie,6
709,2023-04-07,Tea,4
710,2023-04-08,Cake,7
711,2023-04-08,Coffee,2
712,2023-04-08,Cookie,13
713,2023-04-08,Juice,5
714,2023-04-08,Salad,13
715,2023-04-08,Sandwich,4
716,2023-04-08,Smoothie,4
717,2023-04-08,Tea,12
718,2023-04-09,Cake,21
719,2023-04-09,Coffee,11
720,2023-04-09,Cookie,9
721,2023-04-09,Juice,5
722,2023-04-09,Salad,10
723,2023-04-09,Sandwich,9
724,2023-04-09,Smoothie,7
725,2023-04-09,Tea,10
726,2023-04-10,Cake,7
727,2023-04-10,Coffee,2
728,2023-04-10,Juice,15
729,2023-04-10,Salad,5
730,2023-04-10,Sandwich,3
731,2023-04-10,Smoothie,2
732,2023-04-10,Tea,3
733,2023-04-11,Cake,16
734,2023-04-11,Coffee,9
735,2023-04-11,Juice,19
736,2023-04-11,Salad,14
737,2023-04-11,Sandwich,5
738,2023-04-11,Smoothie,2
739,2023-04-12,Cake,6
740,2023-04-12,Coffee,5
741,2023-04-12,Cookie,6
742,2023-04-12,Juice,7
743,2023-04-12,Salad,4
744,2023-04-12,Sandwich,14
745,2023-04-12,Smoothie,1
746,2023-04-12,Tea,3
747,2023-04-13,Cake,11
748,2023-04-13,Coffee,2
749,2023-04-13,Juice,2
750,2023-04-13,Salad,3
751,2023-04-13,Sandwich,7
752,2023-04-13,Smoothie,8
753,2023-04-13,Tea,19
754,2023-04-14,Cake,4
755,2023-04-14,Coffee,5
756,2023-04-14,Cookie,7
757,2023-04-14,Juice,24
758,2023-04-14,Salad,8
759,2023-04-14,Smoothie,10
760,2023-04-14,Tea,7
761,2023-04-15,Cake,2
762,2023-04-15,Coffee,10
763,2023-04-15,Cookie,1
764,2023-04-15,Juice,8
765,2023-04-15,Salad,18
766,2023-04-15,Sandwich,21
767,2023-04-15,Tea,3
768,2023-04-16,Coffee,11
769,2023-04-16,Cookie,4
770,2023-04-16,Juice,16
771,2023-04-16,Salad,8
772,2023-04-16,Sandwich,1
773,2023-04-16,Smoothie,1
774,2023-04-17,Cake,9
775,2023-04-17,Coffee,8
776,2023-04-17,Cookie,2
777,2023-04-17,Juice,11
778,2023-04-17,Salad,14
779,2023-04-17,Sandwich,5
780,2023-04-17,Smoothie,16
781,2023-04-17,Tea,9
782,2023-04-18,Cake,3
783,2023-04-18,Coffee,15
784,2023-04-18,Cookie,4
785,2023-04-18,Juice,10
786,2023-04-18,Salad,8
787,2023-04-18,Sandwich,3
788,2023-04-18,Smoothie,11
789,2023-04-18,Tea,8
790,2023-04-19,Cake,3
791,2023-04-19,Coffee,8
792,2023-04-19,Cookie,5
793,2023-04-19,Juice,10
794,2023-04-19,Salad,7
795,2023-04-19,Sandwich,10
796,2023-04-19,Smoothie,3
797,2023-04-19,Tea,12
798,2023-04-20,Cake,9
799,2023-04-20,Coffee,5
800,2023-04-20,Cookie,12
801,2023-04-20,Juice,19
802,2023-04-20,Salad,12
803,2023-04-20,Sandwich,4
804,2023-04-20,Smoothie,10
805,2023-04-20,Tea,7
806,2023-04-21,Cake,8
807,2023-04-21,Coffee,8
808,2023-04-21,Cookie,7
809,2023-04-21,Juice,11
810,2023-04-21,Salad,24
811,2023-04-21,Sandwich,6
812,2023-04-21,Smoothie,6
813,2023-04-22,Cake,3
814,2023-04-22,Cookie,2
815,2023-04-22,Juice,7
816,2023-04-22,Salad,1
817,2023-04-22,Sandwich,11
818,2023-04-22,Smoothie,4
819,2023-04-22,Tea,4
820,2023-04-23,Cake,2
821,2023-04-23,Coffee,9
822,2023-04-23,Cookie,2
823,2023-04-23,Juice,21
824,2023-04-23,Sandwich,9
825,2023-04-23,Smoothie,5
826,2023-04-23,Tea,6
827,2023-04-24,Cake,5
828,2023-04-24,Coffee,8
829,2023-04-24,Cookie,5
830,2023-04-24,Juice,19
831,2023-04-24,Salad,4
832,2023-04-24,Sandwich,9
833,2023-04-24,Smoothie,13
834,2023-04-24,Tea,5
835,2023-04-25,Cake,1
836,2023-04-25,Coffee,6
837,2023-04-25,Juice,8
838,2023-04-25,Salad,6
839,2023-04-25,Sandwich,15
840,2023-04-25,Smoothie,5
841,2023-04-25,Tea,13
842,2023-04-26,Juice,7
843,2023-04-26,Salad,9
844,2023-04-26,Sandwich,6
845,2023-04-26,Smoothie,7
846,2023-04-26,Tea,8
847,2023-04-27,Cake,5
848,2023-04-27,Cookie,4
849,2023-04-27,Sandwich,6
850,2023-04-27,Smoothie,10
851,2023-04-27,Tea,8
852,2023-04-28,Cake,5
853,2023-04-28,Coffee,5
854,2023-04-28,Cookie,11
855,2023-04-28,Juice,1
856,2023-04-28,Salad,6
857,2023-04-28,Sandwich,10
858,2023-04-28,Smoothie,10
859,2023-04-28,Tea,7
860,2023-04-29,Cake,2
861,2023-04-29,Coffee,8
862,2023-04-29,Cookie,10
863,2023-04-29,Juice,1
864,2023-04-29,Salad,8
865,2023-04-29,Sandwich,4
866,2023-04-29,Smoothie,5
867,2023-04-29,Tea,8
868,2023-04-30,Cake,8
869,2023-04-30,Coffee,7
870,2023-04-30,Cookie,10
871,2023-04-30,Juice,20
872,2023-04-30,Salad,5
873,2023-04-30,Sandwich,21
874,2023-04-30,Smoothie,6
875,2023-04-30,Tea,3
876,2023-05-01,Coffee,1
877,2023-05-01,Cookie,5
878,2023-05-01,Juice,6
879,2023-05-01,Salad,4
880,2023-05-01,Sandwich,4
881,2023-05-01,Smoothie,13
882,2023-05-01,Tea,13
883,2023-05-02,Coffee,12
884,2023-05-02,Cookie,9
885,2023-05-02,Juice,4
886,2023-05-02,Salad,7
887,2023-05-02,Sandwich,16
888,2023-05-02,Smoothie,12
889,2023-05-02,Tea,3
890,2023-05-03,Coffee,13
891,2023-05-03,Cookie,9
892,2023-05-03,Juice,4
893,2023-05-03,Salad,2
894,2023-05-03,Sandwich,6
895,2023-05-03,Smoothie,9
896,2023-05-03,Tea,21
897,2023-05-04,Cake,9
898,2023-05-04,Coffee,10
899,2023-05-04,Cookie,5
900,2023-05-04,Juice,20
901,2023-05-04,Sandwich,12
902,2023-05-04,Smoothie,5
903,2023-05-04,Tea,5
904,2023-05-05,Cake,3
905,2023-05-05,Coffee,19
906,2023-05-05,Cookie,9
907,2023-05-05,Juice,3
908,2023-05-05,Salad,3
909,2023-05-05,Sandwich,4
910,2023-05-05,Smoothie,2
911,2023-05-05,Tea,7
912,2023-05-06,Cake,5
913,2023-05-06,Coffee,2
914,2023-05-06,Cookie,11
915,2023-05-06,Juice,15
916,2023-05-06,Salad,8
917,2023-05-06,Sandwich,6
918,2023-05-06,Smoothie,9
919,2023-05-06,Tea,20
920,2023-05-07,Coffee,2
921,2023-05-07,Cookie,1
922,2023-05-07,Juice,13
923,2023-05-07,Salad,7
924,2023-05-07,Sandwich,8
925,2023-05-07,Smoothie,5
926,2023-05-07,Tea,12
927,2023-05-08,Cake,7
928,2023-05-08,Coffee,3
929,2023-05-08,Cookie,2
930,2023-05-08,Juice,10
931,2023-05-08,Salad,4
932,2023-05-08,Sandwich,16
933,2023-05-08,Smoothie,18
934,2023-05-09,Cake,8
935,2023-05-09,Coffee,5
936,2023-05-09,Cookie,3
937,2023-05-09,Juice,14
938,2023-05-09,Salad,3
939,2023-05-09,Sandwich,12
940,2023-05-09,Smoothie,5
941,2023-05-09,Tea,5
942,2023-05-10,Cake,2
943,2023-05-10,Cookie,7
944,2023-05-10,Juice,11
945,2023-05-10,Salad,2
946,2023-05-10,Sandwich,15
947,2023-05-10,Smoothie,8
948,2023-05-10,Tea,10
949,2023-05-11,Cake,18
950,2023-05-11,Coffee,8
951,2023-05-11,Cookie,9
952,2023-05-11,Juice,17
953,2023-05-11,Salad,2
954,2023-05-11,Sandwich,8
955,2023-05-11,Smoothie,2
956,2023-05-11,Tea,7
957,2023-05-12,Cake,5
958,2023-05-12,Coffee,5
959,2023-05-12,Cookie,15
960,2023-05-12,Juice,6
961,2023-05-12,Salad,8
962,2023-05-12,Sandwich,5
963,2023-05-12,Tea,2
964,2023-05-13,Cake,4
965,2023-05-13,Coffee,1
966,2023-05-13,Cookie,11
967,2023-05-13,Juice,20
968,2023-05-13,Salad,6
969,2023-05-13,Sandwich,5
970,2023-05-13,Smoothie,9
971,2023-05-13,Tea,5
972,2023-05-14,Cake,3
973,2023-05-14,Coffee,5
974,2023-05-14,Cookie,3
975,2023-05-14,Juice,6
976,2023-05-14,Salad,3
977,2023-05-14,Sandwich,1
978,2023-05-14,Smoothie,21
979,2023-05-14,Tea,5
980,2023-05-15,Cake,11
981,2023-05-15,Coffee,4
982,2023-05-15,Cookie,10
983,2023-05-15,Juice,8
984,2023-05-15,Salad,2
985,2023-05-15,Sandwich,1
986,2023-05-15,Smoothie,3
987,2023-05-15,Tea,1
988,2023-05-16,Cake,18
989,2023-05-16,Coffee,4
990,2023-05-16,Cookie,9
991,2023-05-16,Salad,8
992,2023-05-16,Sandwich,5
993,2023-05-16,Smoothie,3
994,2023-05-16,Tea,2
995,2023-05-17,Coffee,3
996,2023-05-17,Cookie,13
997,2023-05-17,Juice,9
998,2023-05-17,Salad,2
999,2023-05-17,Sandwich,10
1000,2023-05-17,Smoothie,16
1001,2023-05-17,Tea,6
1002,2023-05-18,Cake,5
1003,2023-05-18,Coffee,5
1004,2023-05-18,Cookie,5
1005,2023-05-18,Juice,8
1006,2023-05-18,Salad,13
1007,2023-05-18,Sandwich,10
1008,2023-05-18,Smoothie,7
1009,2023-05-18,Tea,8
1010,2023-05-19,Cake,5
1011,2023-05-19,Coffee,19
1012,2023-05-19,Cookie,7
1013,2023-05-19,Juice,5
1014,2023-05-19,Salad,11
1015,2023-05-19,Sandwich,8
1016,2023-05-19,Tea,3
1017,2023-05-20,Cake,3
1018,2023-05-20,Coffee,5
1019,2023-05-20,Cookie,8
1020,2023-05-20,Juice,10
1021,2023-05-20,Salad,15
1022,2023-05-20,Sandwich,5
1023,2023-05-20,Smoothie,7
1024,2023-05-20,Tea,3
1025,2023-05-21,Cake,4
1026,2023-05-21,Coffee,10
1027,2023-05-21,Cookie,8
1028,2023-05-21,Juice,19
1029,2023-05-21,Salad,6
1030,2023-05-21,Sandwich,19
1031,2023-05-21,Smoothie,9
1032,2023-05-21,Tea,6
1033,2023-05-22,Cake,19
1034,2023-05-22,Coffee,10
1035,2023-05-22,Cookie,7
1036,2023-05-22,Juice,10
1037,2023-05-22,Salad,4
1038,2023-05-22,Sandwich,10
1039,2023-05-22,Tea,4
1040,2023-05-23,Cake,12
1041,2023-05-23,Coffee,8
1042,2023-05-23,Cookie,2
1043,2023-05-23,Juice,1
1044,2023-05-23,Salad,8
1045,2023-05-23,Sandwich,9
1046,2023-05-23,Smoothie,7
1047,2023-05-23,Tea,10
1048,2023-05-24,Cake,6
1049,2023-05-24,Coffee,4
1050,2023-05-24,Juice,13
1051,2023-05-24,Salad,2
1052,2023-05-24,Sandwich,11
1053,2023-05-24,Smoothie,13
1054,2023-05-24,Tea,9
1055,2023-05-25,Cake,3
1056,2023-05-25,Coffee,6
1057,2023-05-25,Cookie,3
1058,2023-05-25,Juice,8
1059,2023-05-25,Salad,8
1060,2023-05-25,Sandwich,9
1061,2023-05-26,Cake,12
1062,2023-05-26,Coffee,7
1063,2023-05-26,Cookie,8
1064,2023-05-26,Juice,2
1065,2023-05-26,Salad,3
1066,2023-05-26,Sandwich,3
1067,2023-05-26,Smoothie,6
1068,2023-05-26,Tea,5
1069,2023-05-27,Cake,14
1070,2023-05-27,Coffee,14
1071,2023-05-27,Cookie,1
1072,2023-05-27,Juice,4
1073,2023-05-27,Salad,4
1074,2023-05-27,Sandwich,6
1075,2023-05-27,Smoothie,2
1076,2023-05-27,Tea,2
1077,2023-05-28,Cake,18
1078,2023-05-28,Coffee,11
1079,2023-05-28,Cookie,8
1080,2023-05-28,Juice,8
1081,2023-05-28,Salad,1
1082,2023-05-28,Sandwich,12
1083,2023-05-28,Tea,6
1084,2023-05-29,Cake,4
1085,2023-05-29,Coffee,5
1086,2023-05-29,Cookie,10
1087,2023-05-29,Juice,11
1088,2023-05-29,Salad,12
1089,2023-05-29,Sandwich,11
1090,2023-05-29,Smoothie,5
1091,2023-05-29,Tea,8
1092,2023-05-30,Cake,14
1093,2023-05-30,Coffee,6
1094,2023-05-30,Cookie,13
1095,2023-05-30,Juice,6
1096,2023-05-30,Salad,5
1097,2023-05-30,Sandwich,2
1098,2023-05-30,Smoothie,1
1099,2023-05-30,Tea,3
1100,2023-05-31,Cake,5
1101,2023-05-31,Coffee,3
1102,2023-05-31,Cookie,7
1103,2023-05-31,Juice,11
1104,2023-05-31,Salad,14
1105,2023-05-31,Sandwich,3
1106,2023-05-31,Smoothie,1
1107,2023-05-31,Tea,9
1108,2023-06-01,Cake,1
1109,2023-06-01,Coffee,11
1110,2023-06-01,Cookie,17
1111,2023-06-01,Juice,7
1112,2023-06-01,Salad,7
1113,2023-06-01,Sandwich,12
1114,2023-06-01,Smoothie,20
1115,2023-06-02,Cake,3
1116,2023-06-02,Coffee,8
1117,2023-06-02,Cookie,14
1118,2023-06-02,Juice,27
1119,2023-06-02,Sandwich,3
1120,2023-06-02,Smoothie,5
1121,2023-06-02,Tea,8
1122,2023-06-03,Cake,4
1123,2023-06-03,Coffee,22
1124,2023-06-03,Juice,9
1125,2023-06-03,Salad,4
1126,2023-06-03,Sandwich,9
1127,2023-06-03,Tea,8
1128,2023-06-04,Cake,6
1129,2023-06-04,Coffee,8
1130,2023-06-04,Cookie,13
1131,2023-06-04,Juice,5
1132,2023-06-04,Salad,7
1133,2023-06-04,Smoothie,10
1134,2023-06-04,Tea,3
1135,2023-06-05,Coffee,10
1136,2023-06-05,Cookie,13
1137,2023-06-05,Juice,8
1138,2023-06-05,Salad,6
1139,2023-06-05,Sandwich,7
1140,2023-06-05,Smoothie,3
1141,2023-06-05,Tea,3
1142,2023-06-06,Cake,12
1143,2023-06-06,Coffee,2
1144,2023-06-06,Cookie,13
1145,2023-06-06,Juice,9
1146,2023-06-06,Salad,12
1147,2023-06-06,Sandwich,20
1148,2023-06-06,Smoothie,9
1149,2023-06-06,Tea,3
1150,2023-06-07,Cake,4
1151,2023-06-07,Coffee,8
1152,2023-06-07,Cookie,2
1153,2023-06-07,Juice,9
1154,2023-06-07,Sandwich,5
1155,2023-06-07,Smoothie,8
1156,2023-06-07,Tea,2
1157,2023-06-08,Cake,7
1158,2023-06-08,Coffee,14
1159,2023-06-08,Cookie,4
1160,2023-06-08,Juice,20
1161,2023-06-08,Salad,7
1162,2023-06-08,Sandwich,6
1163,2023-06-08,Smoothie,14
1164,2023-06-08,Tea,6
1165,2023-06-09,Cake,20
1166,2023-06-09,Coffee,4
1167,2023-06-09,Cookie,6
1168,2023-06-09,Juice,13
1169,2023-06-09,Sandwich,6
1170,2023-06-09,Smoothie,5
1171,2023-06-09,Tea,11
1172,2023-06-10,Cake,4
1173,2023-06-10,Coffee,9
1174,2023-06-10,Cookie,2
1175,2023-06-10,Juice,7
1176,2023-06-10,Salad,21
1177,2023-06-10,Sandwich,10
1178,2023-06-10,Tea,9
1179,2023-06-11,Cake,3
1180,2023-06-11,Coffee,10
1181,2023-06-11,Cookie,13
1182,2023-06-11,Juice,22
1183,2023-06-11,Sandwich,2
1184,2023-06-11,Smoothie,1
1185,2023-06-12,Cake,1
1186,2023-06-12,Coffee,1
1187,2023-06-12,Cookie,6
1188,2023-06-12,Juice,7
1189,2023-06-12,Salad,5
1190,2023-06-12,Sandwich,9
1191,2023-06-12,Smoothie,10
1192,2023-06-12,Tea,19
1193,2023-06-13,Cake,4
1194,2023-06-13,Coffee,15
1195,2023-06-13,Cookie,4
1196,2023-06-13,Juice,14
1197,2023-06-13,Salad,4
1198,2023-06-13,Sandwich,12
1199,2023-06-13,Smoothie,8
1200,2023-06-13,Tea,8
1201,2023-06-14,Cake,13
1202,2023-06-14,Coffee,12
1203,2023-06-14,Cookie,5
1204,2023-06-14,Juice,7
1205,2023-06-14,Salad,10
1206,2023-06-14,Sandwich,4
1207,2023-06-14,Smoothie,4
1208,2023-06-14,Tea,8
1209,2023-06-15,Cake,24
1210,2023-06-15,Coffee,3
1211,2023-06-15,Cookie,5
1212,2023-06-15,Juice,10
1213,2023-06-15,Salad,4
1214,2023-06-15,Sandwich,15
1215,2023-06-15,Smoothie,2
1216,2023-06-15,Tea,1
1217,2023-06-16,Cake,15
1218,2023-06-16,Coffee,5
1219,2023-06-16,Juice,14
1220,2023-06-16,Salad,11
1221,2023-06-16,Sandwich,16
1222,2023-06-16,Smoothie,14
1223,2023-06-16,Tea,11
1224,2023-06-17,Coffee,8
1225,2023-06-17,Cookie,13
1226,2023-06-17,Juice,9
1227,2023-06-17,Salad,10
1228,2023-06-17,Sandwich,10
1229,2023-06-17,Smoothie,7
1230,2023-06-17,Tea,2
1231,2023-06-18,Cake,4
1232,2023-06-18,Coffee,16
1233,2023-06-18,Cookie,11
1234,2023-06-18,Juice,11
1235,2023-06-18,Salad,18
1236,2023-06-18,Sandwich,8
1237,2023-06-18,Smoothie,11
1238,2023-06-18,Tea,5
1239,2023-06-19,Cake,6
1240,2023-06-19,Juice,14
1241,2023-06-19,Salad,9
1242,2023-06-19,Sandwich,7
1243,2023-06-19,Tea,7
1244,2023-06-20,Cake,4
1245,2023-06-20,Coffee,7
1246,2023-06-20,Cookie,7
1247,2023-06-20,Juice,9
1248,2023-06-20,Salad,16
1249,2023-06-20,Sandwich,4
1250,2023-06-20,Smoothie,7
1251,2023-06-20,Tea,5
1252,2023-06-21,Cake,9
1253,2023-06-21,Coffee,8
1254,2023-06-21,Cookie,9
1255,2023-06-21,Juice,5
1256,2023-06-21,Salad,10
1257,2023-06-21,Sandwich,9
1258,2023-06-21,Smoothie,7
1259,2023-06-21,Tea,5
1260,2023-06-22,Cake,9
1261,2023-06-22,Coffee,7
1262,2023-06-22,Cookie,3
1263,2023-06-22,Juice,11
1264,2023-06-22,Salad,2
1265,2023-06-22,Sandwich,3
1266,2023-06-22,Smoothie,4
1267,2023-06-22,Tea,1
1268,2023-06-23,Cake,11
1269,2023-06-23,Coffee,8
1270,2023-06-23,Cookie,7
1271,2023-06-23,Juice,11
1272,2023-06-23,Salad,6
1273,2023-06-23,Sandwich,5
1274,2023-06-23,Smoothie,16
1275,2023-06-23,Tea,4
1276,2023-06-24,Coffee,23
1277,2023-06-24,Cookie,6
1278,2023-06-24,Juice,8
1279,2023-06-24,Salad,8
1280,2023-06-24,Sandwich,3
1281,2023-06-24,Smoothie,11
1282,2023-06-24,Tea,4
1283,2023-06-25,Coffee,2
1284,2023-06-25,Cookie,9
1285,2023-06-25,Juice,9
1286,2023-06-25,Salad,6
1287,2023-06-25,Sandwich,7
1288,2023-06-25,Smoothie,6
1289,2023-06-25,Tea,11
1290,2023-06-26,Cake,11
1291,2023-06-26,Coffee,11
1292,2023-06-26,Cookie,2
1293,2023-06-26,Juice,9
1294,2023-06-26,Salad,8
1295,2023-06-26,Sandwich,5
1296,2023-06-26,Tea,6
1297,2023-06-27,Cake,16
1298,2023-06-27,Cookie,9
1299,2023-06-27,Juice,5
1300,2023-06-27,Salad,3
1301,2023-06-27,Sandwich,3
1302,2023-06-27,Smoothie,9
1303,2023-06-27,Tea,3
1304,2023-06-28,Cake,5
1305,2023-06-28,Coffee,8
1306,2023-06-28,Cookie,4
1307,2023-06-28,Juice,25
1308,2023-06-28,Salad,6
1309,2023-06-28,Sandwich,4
1310,2023-06-28,Smoothie,8
1311,2023-06-28,Tea,11
1312,2023-06-29,Cake,3
1313,2023-06-29,Coffee,14
1314,2023-06-29,Cookie,11
1315,2023-06-29,Juice,10
1316,2023-06-29,Salad,9
1317,2023-06-29,Sandwich,3
1318,2023-06-29,Smoothie,9
1319,2023-06-29,Tea,13
1320,2023-06-30,Cake,9
1321,2023-06-30,Coffee,16
1322,2023-06-30,Cookie,5
1323,2023-06-30,Juice,18
1324,2023-06-30,Salad,20
1325,2023-06-30,Sandwich,7
1326,2023-06-30,Smoothie,11
1327,2023-06-30,Tea,13
1328,2023-07-01,Cake,2
1329,2023-07-01,Coffee,14
1330,2023-07-01,Cookie,4
1331,2023-07-01,Juice,4
1332,2023-07-01,Salad,9
1333,2023-07-01,Tea,7
1334,2023-07-02,Cake,12
1335,2023-07-02,Coffee,18
1336,2023-07-02,Cookie,10
1337,2023-07-02,Juice,7
1338,2023-07-02,Salad,7
1339,2023-07-02,Sandwich,2
1340,2023-07-02,Smoothie,11
1341,2023-07-02,Tea,11
1342,2023-07-03,Coffee,9
1343,2023-07-03,Cookie,9
1344,2023-07-03,Juice,5
1345,2023-07-03,Salad,10
1346,2023-07-03,Sandwich,8
1347,2023-07-03,Tea,5
1348,2023-07-04,Cake,12
1349,2023-07-04,Coffee,10
1350,2023-07-04,Cookie,12
1351,2023-07-04,Juice,14
1352,2023-07-04,Salad,2
1353,2023-07-04,Sandwich,5
1354,2023-07-04,Tea,5
1355,2023-07-05,Cake,10
1356,2023-07-05,Coffee,8
1357,2023-07-05,Cookie,2
1358,2023-07-05,Juice,12
1359,2023-07-05,Salad,8
1360,2023-07-05,Sandwich,2
1361,2023-07-05,Smoothie,4
1362,2023-07-05,Tea,12
1363,2023-07-06,Cake,7
1364,2023-07-06,Cookie,6
1365,2023-07-06,Juice,4
1366,2023-07-06,Salad,11
1367,2023-07-06,Sandwich,8
1368,2023-07-06,Smoothie,11
1369,2023-07-06,Tea,12
1370,2023-07-07,Cake,3
1371,2023-07-07,Coffee,1
1372,2023-07-07,Cookie,5
1373,2023-07-07,Juice,5
1374,2023-07-07,Salad,8
1375,2023-07-07,Sandwich,6
1376,2023-07-07,Smoothie,10
1377,2023-07-07,Tea,7
1378,2023-07-08,Cake,5
1379,2023-07-08,Coffee,8
1380,2023-07-08,Cookie,9
1381,2023-07-08,Juice,8
1382,2023-07-08,Salad,9
1383,2023-07-08,Sandwich,11
1384,2023-07-08,Smoothie,2
1385,2023-07-08,Tea,14
1386,2023-07-09,Cake,5
1387,2023-07-09,Coffee,7
1388,2023-07-09,Cookie,12
1389,2023-07-09,Juice,4
1390,2023-07-09,Salad,7
1391,2023-07-09,Sandwich,2
1392,2023-07-09,Smoothie,8
1393,2023-07-09,Tea,4
1394,2023-07-10,Cookie,3
1395,2023-07-10,Juice,16
1396,2023-07-10,Salad,3
1397,2023-07-10,Sandwich,18
1398,2023-07-10,Smoothie,10
1399,2023-07-10,Tea,2
1400,2023-07-11,Cake,8
1401,2023-07-11,Coffee,4
1402,2023-07-11,Cookie,5
1403,2023-07-11,Sandwich,3
1404,2023-07-11,Smoothie,10
1405,2023-07-11,Tea,8
1406,2023-07-12,Cake,11
1407,2023-07-12,Coffee,7
1408,2023-07-12,Cookie,6
1409,2023-07-12,Juice,2
1410,2023-07-12,Salad,6
1411,2023-07-12,Sandwich,8
1412,2023-07-12,Smoothie,9
1413,2023-07-12,Tea,14
1414,2023-07-13,Cake,5
1415,2023-07-13,Cookie,6
1416,2023-07-13,Juice,3
1417,2023-07-13,Salad,12
1418,2023-07-13,Smoothie,4
1419,2023-07-13,Tea,11
1420,2023-07-14,Cake,12
1421,2023-07-14,Coffee,1
1422,2023-07-14,Cookie,2
1423,2023-07-14,Juice,16
1424,2023-07-14,Salad,8
1425,2023-07-14,Sandwich,1
1426,2023-07-14,Smoothie,11
1427,2023-07-14,Tea,14
1428,2023-07-15,Cake,1
1429,2023-07-15,Coffee,8
1430,2023-07-15,Cookie,4
1431,2023-07-15,Salad,1
1432,2023-07-15,Sandwich,15
1433,2023-07-15,Smoothie,13
1434,2023-07-15,Tea,3
1435,2023-07-16,Cake,2
1436,2023-07-16,Coffee,15
1437,2023-07-16,Cookie,7
1438,2023-07-16,Juice,6
1439,2023-07-16,Salad,14
1440,2023-07-16,Sandwich,10
1441,2023-07-16,Smoothie,9
1442,2023-07-16,Tea,8
1443,2023-07-17,Cake,8
1444,2023-07-17,Coffee,3
1445,2023-07-17,Cookie,7
1446,2023-07-17,Juice,5
1447,2023-07-17,Salad,7
1448,2023-07-17,Sandwich,18
1449,2023-07-17,Smoothie,3
1450,2023-07-17,Tea,5
1451,2023-07-18,Cake,9
1452,2023-07-18,Coffee,11
1453,2023-07-18,Cookie,5
1454,2023-07-18,Juice,10
1455,2023-07-18,Salad,7
1456,2023-07-18,Sandwich,4
1457,2023-07-18,Tea,16
1458,2023-07-19,Cake,11
1459,2023-07-19,Coffee,5
1460,2023-07-19,Cookie,6
1461,2023-07-19,Juice,6
1462,2023-07-19,Salad,8
1463,2023-07-19,Sandwich,1
1464,2023-07-19,Smoothie,4
1465,2023-07-20,Cake,7
1466,2023-07-20,Coffee,8
1467,2023-07-20,Cookie,3
1468,2023-07-20,Juice,12
1469,2023-07-20,Salad,15
1470,2023-07-20,Sandwich,18
1471,2023-07-20,Smoothie,12
1472,2023-07-20,Tea,10
1473,2023-07-21,Cake,13
1474,2023-07-21,Coffee,30
1475,2023-07-21,Cookie,17
1476,2023-07-21,Juice,8
1477,2023-07-21,Salad,11
1478,2023-07-21,Sandwich,4
1479,2023-07-21,Tea,5
1480,2023-07-22,Coffee,3
1481,2023-07-22,Juice,4
1482,2023-07-22,Salad,5
1483,2023-07-22,Sandwich,8
1484,2023-07-22,Smoothie,5
1485,2023-07-22,Tea,1
1486,2023-07-23,Coffee,3
1487,2023-07-23,Cookie,13
1488,2023-07-23,Juice,17
1489,2023-07-23,Salad,16
1490,2023-07-23,Sandwich,5
1491,2023-07-23,Smoothie,6
1492,2023-07-23,Tea,5
1493,2023-07-24,Cake,21
1494,2023-07-24,Coffee,19
1495,2023-07-24,Cookie,3
1496,2023-07-24,Juice,8
1497,2023-07-24,Salad,9
1498,2023-07-24,Sandwich,7
1499,2023-07-24,Smoothie,17
1500,2023-07-24,Tea,7
1501,2023-07-25,Cake,12
1502,2023-07-25,Coffee,7
1503,2023-07-25,Cookie,6
1504,2023-07-25,Juice,3
1505,2023-07-25,Sandwich,5
1506,2023-07-25,Smoothie,2
1507,2023-07-25,Tea,11
1508,2023-07-26,Cake,7
1509,2023-07-26,Coffee,19
1510,2023-07-26,Cookie,8
1511,2023-07-26,Juice,2
1512,2023-07-26,Salad,9
1513,2023-07-26,Sandwich,10
1514,2023-07-26,Smoothie,10
1515,2023-07-26,Tea,1
1516,2023-07-27,Coffee,7
1517,2023-07-27,Cookie,2
1518,2023-07-27,Juice,8
1519,2023-07-27,Salad,3
1520,2023-07-27,Sandwich,11
1521,2023-07-27,Tea,4
1522,2023-07-28,Cake,1
1523,2023-07-28,Coffee,11
1524,2023-07-28,Cookie,16
1525,2023-07-28,Juice,15
1526,2023-07-28,Salad,18
1527,2023-07-28,Sandwich,5
1528,2023-07-28,Smoothie,19
1529,2023-07-29,Cake,5
1530,2023-07-29,Coffee,4
1531,2023-07-29,Cookie,5
1532,2023-07-29,Juice,11
1533,2023-07-29,Salad,9
1534,2023-07-29,Sandwich,4
1535,2023-07-29,Smoothie,1
1536,2023-07-29,Tea,2
1537,2023-07-30,Coffee,10
1538,2023-07-30,Cookie,3
1539,2023-07-30,Juice,5
1540,2023-07-30,Salad,3
1541,2023-07-30,Sandwich,1
1542,2023-07-30,Tea,10
1543,2023-07-31,Coffee,8
1544,2023-07-31,Cookie,5
1545,2023-07-31,Juice,8
1546,2023-07-31,Salad,10
1547,2023-07-31,Sandwich,8
1548,2023-07-31,Smoothie,8
1549,2023-07-31,Tea,4
1550,2023-08-01,Cake,5
1551,2023-08-01,Cookie,3
1552,2023-08-01,Sandwich,6
1553,2023-08-01,Smoothie,22
1554,2023-08-01,Tea,6
1555,2023-08-02,Cake,5
1556,2023-08-02,Coffee,11
1557,2023-08-02,Cookie,2
1558,2023-08-02,Juice,3
1559,2023-08-02,Sandwich,9
1560,2023-08-02,Smoothie,9
1561,2023-08-02,Tea,1
1562,2023-08-03,Cake,13
1563,2023-08-03,Coffee,11
1564,2023-08-03,Juice,11
1565,2023-08-03,Salad,13
1566,2023-08-03,Sandwich,5
1567,2023-08-03,Smoothie,6
1568,2023-08-03,Tea,7
1569,2023-08-04,Cake,7
1570,2023-08-04,Coffee,10
1571,2023-08-04,Cookie,6
1572,2023-08-04,Juice,10
1573,2023-08-04,Salad,8
1574,2023-08-04,Sandwich,8
1575,2023-08-04,Smoothie,4
1576,2023-08-04,Tea,1
1577,2023-08-05,Cake,12
1578,2023-08-05,Coffee,6
1579,2023-08-05,Cookie,5
1580,2023-08-05,Juice,7
1581,2023-08-05,Salad,11
1582,2023-08-05,Sandwich,4
1583,2023-08-05,Smoothie,9
1584,2023-08-05,Tea,5
1585,2023-08-06,Cake,2
1586,2023-08-06,Coffee,4
1587,2023-08-06,Cookie,17
1588,2023-08-06,Juice,14
1589,2023-08-06,Salad,19
1590,2023-08-06,Sandwich,1
1591,2023-08-06,Smoothie,10
1592,2023-08-06,Tea,8
1593,2023-08-07,Cake,17
1594,2023-08-07,Coffee,10
1595,2023-08-07,Cookie,11
1596,2023-08-07,Juice,8
1597,2023-08-07,Salad,10
1598,2023-08-07,Sandwich,12
1599,2023-08-07,Smoothie,8
1600,2023-08-07,Tea,23
1601,2023-08-08,Cake,4
1602,2023-08-08,Cookie,7
1603,2023-08-08,Juice,1
1604,2023-08-08,Salad,4
1605,2023-08-08,Sandwich,3
1606,2023-08-08,Smoothie,3
1607,2023-08-08,Tea,1
1608,2023-08-09,Coffee,5
1609,2023-08-09,Cookie,6
1610,2023-08-09,Juice,6
1611,2023-08-09,Salad,8
1612,2023-08-09,Smoothie,13
1613,2023-08-09,Tea,5
1614,2023-08-10,Cake,18
1615,2023-08-10,Coffee,10
1616,2023-08-10,Juice,7
1617,2023-08-10,Salad,7
1618,2023-08-10,Sandwich,6
1619,2023-08-10,Smoothie,4
1620,2023-08-10,Tea,12
1621,2023-08-11,Cake,5
1622,2023-08-11,Coffee,5
1623,2023-08-11,Cookie,9
1624,2023-08-11,Juice,10
1625,2023-08-11,Salad,6
1626,2023-08-11,Sandwich,16
1627,2023-08-11,Smoothie,8
1628,2023-08-11,Tea,12
1629,2023-08-12,Cake,26
1630,2023-08-12,Coffee,4
1631,2023-08-12,Cookie,10
1632,2023-08-12,Juice,14
1633,2023-08-12,Salad,8
1634,2023-08-12,Sandwich,4
1635,2023-08-12,Smoothie,5
1636,2023-08-12,Tea,4
1637,2023-08-13,Cake,5
1638,2023-08-13,Coffee,9
1639,2023-08-13,Cookie,5
1640,2023-08-13,Juice,20
1641,2023-08-13,Sandwich,6
1642,2023-08-13,Smoothie,2
1643,2023-08-13,Tea,7
1644,2023-08-14,Cake,22
1645,2023-08-14,Coffee,13
1646,2023-08-14,Cookie,6
1647,2023-08-14,Juice,11
1648,2023-08-14,Salad,7
1649,2023-08-14,Sandwich,3
1650,2023-08-14,Smoothie,5
1651,2023-08-14,Tea,5
1652,2023-08-15,Cake,7
1653,2023-08-15,Cookie,11
1654,2023-08-15,Juice,8
1655,2023-08-15,Salad,3
1656,2023-08-15,Sandwich,3
1657,2023-08-15,Smoothie,9
1658,2023-08-15,Tea,2
1659,2023-08-16,Cake,15
1660,2023-08-16,Coffee,2
1661,2023-08-16,Cookie,5
1662,2023-08-16,Juice,15
1663,2023-08-16,Salad,18
1664,2023-08-16,Sandwich,11
1665,2023-08-16,Smoothie,5
1666,2023-08-16,Tea,3
1667,2023-08-17,Cake,5
1668,2023-08-17,Coffee,17
1669,2023-08-17,Cookie,19
1670,2023-08-17,Juice,5
1671,2023-08-17,Salad,8
1672,2023-08-17,Sandwich,7
1673,2023-08-17,Smoothie,7
1674,2023-08-17,Tea,25
1675,2023-08-18,Coffee,7
1676,2023-08-18,Cookie,9
1677,2023-08-18,Juice,21
1678,2023-08-18,Salad,6
1679,2023-08-18,Sandwich,12
1680,2023-08-18,Smoothie,5
1681,2023-08-18,Tea,2
1682,2023-08-19,Coffee,7
1683,2023-08-19,Cookie,12
1684,2023-08-19,Juice,3
1685,2023-08-19,Salad,2
1686,2023-08-19,Sandwich,7
1687,2023-08-19,Tea,8
1688,2023-08-20,Cake,3
1689,2023-08-20,Cookie,5
1690,2023-08-20,Juice,2
1691,2023-08-20,Salad,16
1692,2023-08-20,Sandwich,4
1693,2023-08-20,Smoothie,10
1694,2023-08-20,Tea,8
1695,2023-08-21,Cake,4
1696,2023-08-21,Coffee,14
1697,2023-08-21,Cookie,9
1698,2023-08-21,Juice,10
1699,2023-08-21,Salad,4
1700,2023-08-21,Sandwich,5
1701,2023-08-21,Smoothie,3
1702,2023-08-21,Tea,8
1703,2023-08-22,Cake,2
1704,2023-08-22,Coffee,10
1705,2023-08-22,Cookie,10
1706,2023-08-22,Juice,13
1707,2023-08-22,Salad,3
1708,2023-08-22,Sandwich,6
1709,2023-08-22,Smoothie,2
1710,2023-08-22,Tea,13
1711,2023-08-23,Cake,2
1712,2023-08-23,Coffee,11
1713,2023-08-23,Cookie,7
1714,2023-08-23,Juice,14
1715,2023-08-23,Salad,8
1716,2023-08-23,Sandwich,2
1717,2023-08-23,Smoothie,15
1718,2023-08-23,Tea,5
1719,2023-08-24,Cake,3
1720,2023-08-24,Coffee,4
1721,2023-08-24,Cookie,3
1722,2023-08-24,Juice,4
1723,2023-08-24,Salad,3
1724,2023-08-24,Sandwich,5
1725,2023-08-24,Smoothie,10
1726,2023-08-24,Tea,5
1727,2023-08-25,Cake,9
1728,2023-08-25,Coffee,13
1729,2023-08-25,Cookie,2
1730,2023-08-25,Juice,5
1731,2023-08-25,Salad,7
1732,2023-08-25,Sandwich,4
1733,2023-08-25,Smoothie,2
1734,2023-08-25,Tea,5
1735,2023-08-26,Cake,2
1736,2023-08-26,Coffee,12
1737,2023-08-26,Cookie,6
1738,2023-08-26,Juice,3
1739,2023-08-26,Salad,23
1740,2023-08-26,Sandwich,13
1741,2023-08-26,Smoothie,10
1742,2023-08-26,Tea,4
1743,2023-08-27,Cake,18
1744,2023-08-27,Cookie,3
1745,2023-08-27,Juice,10
1746,2023-08-27,Salad,7
1747,2023-08-27,Sandwich,4
1748,2023-08-27,Tea,4
1749,2023-08-28,Cookie,4
1750,2023-08-28,Juice,3
1751,2023-08-28,Salad,8
1752,2023-08-28,Sandwich,19
1753,2023-08-28,Smoothie,3
1754,2023-08-28,Tea,7
1755,2023-08-29,Cake,6
1756,2023-08-29,Coffee,10
1757,2023-08-29,Cookie,5
1758,2023-08-29,Juice,8
1759,2023-08-29,Salad,6
1760,2023-08-29,Sandwich,22
1761,2023-08-29,Smoothie,10
1762,2023-08-30,Cake,4
1763,2023-08-30,Coffee,12
1764,2023-08-30,Juice,5
1765,2023-08-30,Salad,10
1766,2023-08-30,Sandwich,8
1767,2023-08-30,Smoothie,4
1768,2023-08-30,Tea,10
1769,2023-08-31,Cake,8
1770,2023-08-31,Coffee,5
1771,2023-08-31,Cookie,5
1772,2023-08-31,Juice,9
1773,2023-08-31,Salad,7
1774,2023-08-31,Sandwich,3
1775,2023-08-31,Smoothie,5
1776,2023-08-31,Tea,7
1777,2023-09-01,Cake,2
1778,2023-09-01,Cookie,20
1779,2023-09-01,Juice,10
1780,2023-09-01,Salad,3
1781,2023-09-01,Smoothie,11
1782,2023-09-01,Tea,7
1783,2023-09-02,Cake,6
1784,2023-09-02,Cookie,6
1785,2023-09-02,Juice,9
1786,2023-09-02,Salad,13
1787,2023-09-02,Sandwich,9
1788,2023-09-02,Smoothie,5
1789,2023-09-02,Tea,8
1790,2023-09-03,Cake,7
1791,2023-09-03,Coffee,6
1792,2023-09-03,Juice,13
1793,2023-09-03,Salad,4
1794,2023-09-03,Sandwich,3
1795,2023-09-03,Smoothie,9
1796,2023-09-04,Cake,4
1797,2023-09-04,Cookie,9
1798,2023-09-04,Juice,6
1799,2023-09-04,Salad,9
1800,2023-09-04,Sandwich,12
1801,2023-09-04,Tea,9
1802,2023-09-05,Cake,8
1803,2023-09-05,Cookie,5
1804,2023-09-05,Salad,10
1805,2023-09-05,Sandwich,4
1806,2023-09-05,Smoothie,14
1807,2023-09-05,Tea,14
1808,2023-09-06,Cake,13
1809,2023-09-06,Coffee,3
1810,2023-09-06,Cookie,6
1811,2023-09-06,Juice,12
1812,2023-09-06,Salad,5
1813,2023-09-06,Sandwich,8
1814,2023-09-06,Smoothie,27
1815,2023-09-06,Tea,11
1816,2023-09-07,Cake,1
1817,2023-09-07,Cookie,4
1818,2023-09-07,Juice,14
1819,2023-09-07,Salad,6
1820,2023-09-07,Sandwich,12
1821,2023-09-07,Smoothie,5
1822,2023-09-07,Tea,5
1823,2023-09-08,Cake,8
1824,2023-09-08,Coffee,5
1825,2023-09-08,Cookie,3
1826,2023-09-08,Juice,25
1827,2023-09-08,Salad,8
1828,2023-09-08,Sandwich,6
1829,2023-09-08,Smoothie,4
1830,2023-09-08,Tea,7
1831,2023-09-09,Cake,8
1832,2023-09-09,Coffee,9
1833,2023-09-09,Cookie,12
1834,2023-09-09,Juice,7
1835,2023-09-09,Salad,5
1836,2023-09-09,Sandwich,12
1837,2023-09-10,Cake,10
1838,2023-09-10,Coffee,17
1839,2023-09-10,Cookie,7
1840,2023-09-10,Juice,6
1841,2023-09-10,Salad,13
1842,2023-09-10,Sandwich,5
1843,2023-09-10,Smoothie,12
1844,2023-09-10,Tea,6
1845,2023-09-11,Coffee,7
1846,2023-09-11,Cookie,3
1847,2023-09-11,Juice,10
1848,2023-09-11,Salad,11
1849,2023-09-11,Sandwich,9
1850,2023-09-11,Smoothie,5
1851,2023-09-11,Tea,6
1852,2023-09-12,Cake,2
1853,2023-09-12,Coffee,5
1854,2023-09-12,Cookie,8
1855,2023-09-12,Juice,2
1856,2023-09-12,Salad,9
1857,2023-09-12,Sandwich,15
1858,2023-09-12,Smoothie,19
1859,2023-09-12,Tea,4
1860,2023-09-13,Cake,4
1861,2023-09-13,Coffee,11
1862,2023-09-13,Cookie,8
1863,2023-09-13,Juice,7
1864,2023-09-13,Salad,24
1865,2023-09-13,Sandwich,7
1866,2023-09-13,Smoothie,7
1867,2023-09-13,Tea,4
1868,2023-09-14,Cake,10
1869,2023-09-14,Coffee,3
1870,2023-09-14,Cookie,4
1871,2023-09-14,Juice,6
1872,2023-09-14,Salad,13
1873,2023-09-14,Smoothie,6
1874,2023-09-14,Tea,7
1875,2023-09-15,Cake,17
1876,2023-09-15,Coffee,15
1877,2023-09-15,Cookie,1
1878,2023-09-15,Juice,12
1879,2023-09-15,Salad,1
1880,2023-09-15,Sandwich,5
1881,2023-09-15,Smoothie,7
1882,2023-09-15,Tea,3
1883,2023-09-16,Cake,10
1884,2023-09-16,Coffee,3
1885,2023-09-16,Cookie,7
1886,2023-09-16,Juice,16
1887,2023-09-16,Salad,1
1888,2023-09-16,Sandwich,14
1889,2023-09-16,Smoothie,4
1890,2023-09-16,Tea,3
1891,2023-09-17,Cake,5
1892,2023-09-17,Coffee,3
1893,2023-09-17,Cookie,8
1894,2023-09-17,Juice,8
1895,2023-09-17,Salad,2
1896,2023-09-17,Sandwich,1
1897,2023-09-17,Smoothie,4
1898,2023-09-17,Tea,2
1899,2023-09-18,Cake,5
1900,2023-09-18,Coffee,6
1901,2023-09-18,Cookie,5
1902,2023-09-18,Juice,15
1903,2023-09-18,Salad,4
1904,2023-09-18,Sandwich,7
1905,2023-09-18,Smoothie,11
1906,2023-09-18,Tea,11
1907,2023-09-19,Cake,5
1908,2023-09-19,Coffee,13
1909,2023-09-19,Cookie,5
1910,2023-09-19,Juice,17
1911,2023-09-19,Salad,1
1912,2023-09-19,Sandwich,2
1913,2023-09-19,Smoothie,17
1914,2023-09-19,Tea,13
1915,2023-09-20,Cake,1
1916,2023-09-20,Coffee,7
1917,2023-09-20,Cookie,2
1918,2023-09-20,Juice,13
1919,2023-09-20,Salad,9
1920,2023-09-20,Sandwich,13
1921,2023-09-20,Smoothie,13
1922,2023-09-20,Tea,8
1923,2023-09-21,Cake,16
1924,2023-09-21,Coffee,5
1925,2023-09-21,Cookie,13
1926,2023-09-21,Juice,19
1927,2023-09-21,Salad,11
1928,2023-09-21,Sandwich,10
1929,2023-09-21,Smoothie,8
1930,2023-09-21,Tea,11
1931,2023-09-22,Cake,8
1932,2023-09-22,Coffee,6
1933,2023-09-22,Cookie,4
1934,2023-09-22,Juice,5
1935,2023-09-22,Salad,4
1936,2023-09-22,Sandwich,5
1937,2023-09-22,Smoothie,20
1938,2023-09-22,Tea,11
1939,2023-09-23,Cake,4
1940,2023-09-23,Coffee,16
1941,2023-09-23,Cookie,12
1942,2023-09-23,Juice,4
1943,2023-09-23,Sandwich,7
1944,2023-09-23,Smoothie,5
1945,2023-09-23,Tea,9
1946,2023-09-24,Cake,4
1947,2023-09-24,Coffee,2
1948,2023-09-24,Cookie,7
1949,2023-09-24,Juice,4
1950,2023-09-24,Salad,6
1951,2023-09-24,Smoothie,8
1952,2023-09-24,Tea,3
1953,2023-09-25,Cake,7
1954,2023-09-25,Coffee,6
1955,2023-09-25,Juice,8
1956,2023-09-25,Salad,4
1957,2023-09-25,Sandwich,4
1958,2023-09-25,Smoothie,8
1959,2023-09-26,Cake,14
1960,2023-09-26,Coffee,5
1961,2023-09-26,Cookie,10
1962,2023-09-26,Juice,6
1963,2023-09-26,Salad,11
1964,2023-09-26,Sandwich,8
1965,2023-09-26,Smoothie,3
1966,2023-09-26,Tea,17
1967,2023-09-27,Coffee,2
1968,2023-09-27,Cookie,7
1969,2023-09-27,Juice,15
1970,2023-09-27,Salad,5
1971,2023-09-27,Sandwich,16
1972,2023-09-27,Smoothie,10
1973,2023-09-27,Tea,1
1974,2023-09-28,Cake,4
1975,2023-09-28,Cookie,2
1976,2023-09-28,Juice,11
1977,2023-09-28,Salad,5
1978,2023-09-28,Sandwich,21
1979,2023-09-28,Smoothie,4
1980,2023-09-28,Tea,3
1981,2023-09-29,Cake,17
1982,2023-09-29,Coffee,3
1983,2023-09-29,Cookie,9
1984,2023-09-29,Juice,2
1985,2023-09-29,Salad,1
1986,2023-09-29,Sandwich,3
1987,2023-09-29,Tea,5
1988,2023-09-30,Cake,5
1989,2023-09-30,Coffee,3
1990,2023-09-30,Cookie,9
1991,2023-09-30,Juice,2
1992,2023-09-30,Salad,3
1993,2023-09-30,Sandwich,11
1994,2023-09-30,Smoothie,8
1995,2023-09-30,Tea,11
1996,2023-10-01,Cake,9
1997,2023-10-01,Coffee,1
1998,2023-10-01,Cookie,4
1999,2023-10-01,Juice,12
2000,2023-10-01,Salad,3
2001,2023-10-01,Sandwich,10
2002,2023-10-01,Smoothie,9
2003,2023-10-01,Tea,5
2004,2023-10-02,Cake,8
2005,2023-10-02,Coffee,4
2006,2023-10-02,Cookie,6
2007,2023-10-02,Juice,14
2008,2023-10-02,Salad,3
2009,2023-10-02,Sandwich,5
2010,2023-10-02,Smoothie,8
2011,2023-10-02,Tea,2
2012,2023-10-03,Cake,16
2013,2023-10-03,Coffee,3
2014,2023-10-03,Cookie,10
2015,2023-10-03,Juice,9
2016,2023-10-03,Salad,10
2017,2023-10-03,Sandwich,18
2018,2023-10-03,Smoothie,5
2019,2023-10-03,Tea,5
2020,2023-10-04,Cake,18
2021,2023-10-04,Coffee,5
2022,2023-10-04,Cookie,8
2023,2023-10-04,Juice,10
2024,2023-10-04,Salad,5
2025,2023-10-04,Sandwich,7
2026,2023-10-04,Smoothie,8
2027,2023-10-04,Tea,11
2028,2023-10-05,Coffee,5
2029,2023-10-05,Cookie,6
2030,2023-10-05,Juice,8
2031,2023-10-05,Smoothie,1
2032,2023-10-05,Tea,5
2033,2023-10-06,Cake,9
2034,2023-10-06,Coffee,13
2035,2023-10-06,Cookie,5
2036,2023-10-06,Juice,8
2037,2023-10-06,Salad,6
2038,2023-10-06,Sandwich,2
2039,2023-10-06,Smoothie,22
2040,2023-10-06,Tea,11
2041,2023-10-07,Cake,6
2042,2023-10-07,Coffee,11
2043,2023-10-07,Cookie,9
2044,2023-10-07,Juice,8
2045,2023-10-07,Salad,14
2046,2023-10-07,Sandwich,11
2047,2023-10-07,Smoothie,2
2048,2023-10-07,Tea,16
2049,2023-10-08,Cake,8
2050,2023-10-08,Coffee,14
2051,2023-10-08,Cookie,10
2052,2023-10-08,Juice,17
2053,2023-10-08,Salad,8
2054,2023-10-08,Sandwich,4
2055,2023-10-08,Smoothie,3
2056,2023-10-08,Tea,9
2057,2023-10-09,Cake,1
2058,2023-10-09,Coffee,5
2059,2023-10-09,Juice,12
2060,2023-10-09,Salad,4
2061,2023-10-09,Smoothie,2
2062,2023-10-09,Tea,9
2063,2023-10-10,Cake,5
2064,2023-10-10,Coffee,6
2065,2023-10-10,Cookie,2
2066,2023-10-10,Juice,7
2067,2023-10-10,Salad,16
2068,2023-10-10,Sandwich,5
2069,2023-10-10,Smoothie,15
2070,2023-10-10,Tea,1
2071,2023-10-11,Cake,9
2072,2023-10-11,Coffee,12
2073,2023-10-11,Cookie,1
2074,2023-10-11,Juice,15
2075,2023-10-11,Salad,7
2076,2023-10-11,Sandwich,1
2077,2023-10-11,Tea,8
2078,2023-10-12,Coffee,5
2079,2023-10-12,Cookie,15
2080,2023-10-12,Juice,4
2081,2023-10-12,Salad,3
2082,2023-10-12,Sandwich,2
2083,2023-10-12,Smoothie,8
2084,2023-10-12,Tea,6
2085,2023-10-13,Cake,14
2086,2023-10-13,Coffee,2
2087,2023-10-13,Cookie,9
2088,2023-10-13,Juice,8
2089,2023-10-13,Salad,5
2090,2023-10-13,Sandwich,5
2091,2023-10-13,Smoothie,7
2092,2023-10-13,Tea,8
2093,2023-10-14,Cake,7
2094,2023-10-14,Coffee,5
2095,2023-10-14,Cookie,3
2096,2023-10-14,Juice,7
2097,2023-10-14,Salad,7
2098,2023-10-14,Smoothie,1
2099,2023-10-14,Tea,15
2100,2023-10-15,Cake,14
2101,2023-10-15,Coffee,7
2102,2023-10-15,Cookie,17
2103,2023-10-15,Juice,4
2104,2023-10-15,Salad,16
2105,2023-10-15,Sandwich,15
2106,2023-10-16,Cake,3
2107,2023-10-16,Coffee,5
2108,2023-10-16,Cookie,24
2109,2023-10-16,Juice,6
2110,2023-10-16,Salad,10
2111,2023-10-16,Smoothie,2
2112,2023-10-16,Tea,10
2113,2023-10-17,Cake,8
2114,2023-10-17,Coffee,10
2115,2023-10-17,Cookie,6
2116,2023-10-17,Juice,1
2117,2023-10-17,Salad,9
2118,2023-10-17,Sandwich,8
2119,2023-10-17,Smoothie,12
2120,2023-10-17,Tea,14
2121,2023-10-18,Coffee,9
2122,2023-10-18,Cookie,5
2123,2023-10-18,Salad,9
2124,2023-10-18,Smoothie,12
2125,2023-10-18,Tea,13
2126,2023-10-19,Cake,9
2127,2023-10-19,Cookie,7
2128,2023-10-19,Juice,5
2129,2023-10-19,Salad,17
2130,2023-10-19,Sandwich,13
2131,2023-10-19,Smoothie,11
2132,2023-10-19,Tea,14
2133,2023-10-20,Cake,4
2134,2023-10-20,Coffee,20
2135,2023-10-20,Juice,15
2136,2023-10-20,Salad,4
2137,2023-10-20,Sandwich,6
2138,2023-10-20,Smoothie,28
2139,2023-10-20,Tea,3
2140,2023-10-21,Cake,7
2141,2023-10-21,Coffee,7
2142,2023-10-21,Cookie,5
2143,2023-10-21,Juice,11
2144,2023-10-21,Salad,4
2145,2023-10-21,Sandwich,7
2146,2023-10-21,Smoothie,5
2147,2023-10-21,Tea,8
2148,2023-10-22,Cake,27
2149,2023-10-22,Coffee,21
2150,2023-10-22,Cookie,2
2151,2023-10-22,Juice,9
2152,2023-10-22,Salad,6
2153,2023-10-22,Sandwich,11
2154,2023-10-22,Smoothie,3
2155,2023-10-22,Tea,6
2156,2023-10-23,Cake,6
2157,2023-10-23,Coffee,7
2158,2023-10-23,Juice,13
2159,2023-10-23,Salad,12
2160,2023-10-23,Sandwich,6
2161,2023-10-23,Smoothie,4
2162,2023-10-23,Tea,10
2163,2023-10-24,Cake,13
2164,2023-10-24,Coffee,8
2165,2023-10-24,Cookie,3
2166,2023-10-24,Juice,7
2167,2023-10-24,Salad,1
2168,2023-10-24,Sandwich,14
2169,2023-10-24,Tea,2
2170,2023-10-25,Cake,11
2171,2023-10-25,Coffee,8
2172,2023-10-25,Cookie,10
2173,2023-10-25,Juice,15
2174,2023-10-25,Salad,5
2175,2023-10-25,Sandwich,1
2176,2023-10-25,Smoothie,7
2177,2023-10-25,Tea,2
2178,2023-10-26,Cake,9
2179,2023-10-26,Coffee,18
2180,2023-10-26,Cookie,4
2181,2023-10-26,Juice,10
2182,2023-10-26,Salad,18
2183,2023-10-26,Sandwich,3
2184,2023-10-26,Smoothie,7
2185,2023-10-26,Tea,6
2186,2023-10-27,Cake,9
2187,2023-10-27,Coffee,9
2188,2023-10-27,Cookie,13
2189,2023-10-27,Juice,9
2190,2023-10-27,Salad,8
2191,2023-10-27,Sandwich,1
2192,2023-10-27,Smoothie,6
2193,2023-10-27,Tea,2
2194,2023-10-28,Cake,7
2195,2023-10-28,Coffee,7
2196,2023-10-28,Cookie,5
2197,2023-10-28,Juice,20
2198,2023-10-28,Salad,4
2199,2023-10-28,Sandwich,5
2200,2023-10-28,Smoothie,3
2201,2023-10-28,Tea,15
2202,2023-10-29,Coffee,12
2203,2023-10-29,Juice,11
2204,2023-10-29,Salad,7
2205,2023-10-29,Sandwich,3
2206,2023-10-29,Smoothie,2
2207,2023-10-29,Tea,13
2208,2023-10-30,Cake,17
2209,2023-10-30,Coffee,13
2210,2023-10-30,Cookie,4
2211,2023-10-30,Juice,22
2212,2023-10-30,Salad,5
2213,2023-10-30,Sandwich,4
2214,2023-10-30,Smoothie,7
2215,2023-10-30,Tea,5
2216,2023-10-31,Cake,12
2217,2023-10-31,Coffee,5
2218,2023-10-31,Cookie,2
2219,2023-10-31,Juice,6
2220,2023-10-31,Salad,5
2221,2023-10-31,Sandwich,17
2222,2023-10-31,Smoothie,8
2223,2023-11-01,Cake,4
2224,2023-11-01,Coffee,3
2225,2023-11-01,Cookie,13
2226,2023-11-01,Juice,9
2227,2023-11-01,Salad,5
2228,2023-11-01,Sandwich,13
2229,2023-11-01,Tea,12
2230,2023-11-02,Cake,5
2231,2023-11-02,Coffee,7
2232,2023-11-02,Cookie,5
2233,2023-11-02,Juice,16
2234,2023-11-02,Sandwich,7
2235,2023-11-02,Smoothie,4
2236,2023-11-03,Cake,4
2237,2023-11-03,Coffee,2
2238,2023-11-03,Cookie,9
2239,2023-11-03,Juice,14
2240,2023-11-03,Sandwich,9
2241,2023-11-03,Smoothie,10
2242,2023-11-03,Tea,5
2243,2023-11-04,Cake,12
2244,2023-11-04,Coffee,2
2245,2023-11-04,Cookie,1
2246,2023-11-04,Juice,10
2247,2023-11-04,Salad,4
2248,2023-11-04,Sandwich,6
2249,2023-11-04,Smoothie,13
2250,2023-11-04,Tea,5
2251,2023-11-05,Coffee,5
2252,2023-11-05,Cookie,10
2253,2023-11-05,Juice,5
2254,2023-11-05,Salad,1
2255,2023-11-05,Sandwich,4
2256,2023-11-05,Smoothie,7
2257,2023-11-06,Cake,23
2258,2023-11-06,Coffee,9
2259,2023-11-06,Cookie,8
2260,2023-11-06,Juice,10
2261,2023-11-06,Salad,12
2262,2023-11-06,Smoothie,8
2263,2023-11-06,Tea,9
2264,2023-11-07,Cake,12
2265,2023-11-07,Coffee,1
2266,2023-11-07,Cookie,11
2267,2023-11-07,Juice,16
2268,2023-11-07,Salad,29
2269,2023-11-07,Sandwich,16
2270,2023-11-07,Smoothie,2
2271,2023-11-07,Tea,8
2272,2023-11-08,Cake,13
2273,2023-11-08,Coffee,7
2274,2023-11-08,Cookie,5
2275,2023-11-08,Salad,4
2276,2023-11-08,Sandwich,10
2277,2023-11-08,Smoothie,3
2278,2023-11-08,Tea,3
2279,2023-11-09,Cake,12
2280,2023-11-09,Cookie,25
2281,2023-11-09,Juice,2
2282,2023-11-09,Sandwich,8
2283,2023-11-09,Smoothie,12
2284,2023-11-09,Tea,9
2285,2023-11-10,Cake,16
2286,2023-11-10,Coffee,7
2287,2023-11-10,Cookie,9
2288,2023-11-10,Juice,10
2289,2023-11-10,Salad,18
2290,2023-11-10,Smoothie,5
2291,2023-11-10,Tea,4
2292,2023-11-11,Cake,10
2293,2023-11-11,Coffee,3
2294,2023-11-11,Cookie,8
2295,2023-11-11,Juice,5
2296,2023-11-11,Salad,8
2297,2023-11-11,Sandwich,3
2298,2023-11-11,Smoothie,6
2299,2023-11-11,Tea,5
2300,2023-11-12,Cake,2
2301,2023-11-12,Coffee,5
2302,2023-11-12,Cookie,17
2303,2023-11-12,Juice,16
2304,2023-11-12,Sandwich,12
2305,2023-11-12,Smoothie,2
2306,2023-11-12,Tea,12
2307,2023-11-13,Cake,15
2308,2023-11-13,Coffee,9
2309,2023-11-13,Juice,5
2310,2023-11-13,Salad,2
2311,2023-11-13,Sandwich,7
2312,2023-11-13,Smoothie,11
2313,2023-11-13,Tea,7
2314,2023-11-14,Cake,13
2315,2023-11-14,Coffee,18
2316,2023-11-14,Cookie,11
2317,2023-11-14,Juice,7
2318,2023-11-14,Salad,11
2319,2023-11-14,Sandwich,4
2320,2023-11-14,Smoothie,8
2321,2023-11-14,Tea,4
2322,2023-11-15,Coffee,6
2323,2023-11-15,Cookie,17
2324,2023-11-15,Juice,18
2325,2023-11-15,Salad,12
2326,2023-11-15,Sandwich,2
2327,2023-11-15,Smoothie,2
2328,2023-11-15,Tea,2
2329,2023-11-16,Cake,11
2330,2023-11-16,Coffee,8
2331,2023-11-16,Cookie,2
2332,2023-11-16,Juice,3
2333,2023-11-16,Salad,12
2334,2023-11-16,Sandwich,10
2335,2023-11-16,Smoothie,7
2336,2023-11-16,Tea,5
2337,2023-11-17,Cake,15
2338,2023-11-17,Coffee,5
2339,2023-11-17,Cookie,4
2340,2023-11-17,Juice,11
2341,2023-11-17,Salad,5
2342,2023-11-17,Sandwich,6
2343,2023-11-17,Smoothie,3
2344,2023-11-18,Cake,3
2345,2023-11-18,Coffee,5
2346,2023-11-18,Cookie,2
2347,2023-11-18,Juice,1
2348,2023-11-18,Sandwich,14
2349,2023-11-18,Smoothie,16
2350,2023-11-18,Tea,15
2351,2023-11-19,Cake,6
2352,2023-11-19,Coffee,9
2353,2023-11-19,Juice,19
2354,2023-11-19,Salad,7
2355,2023-11-19,Sandwich,5
2356,2023-11-19,Smoothie,19
2357,2023-11-19,Tea,5
2358,2023-11-20,Cake,6
2359,2023-11-20,Coffee,4
2360,2023-11-20,Cookie,2
2361,2023-11-20,Juice,8
2362,2023-11-20,Salad,20
2363,2023-11-20,Sandwich,9
2364,2023-11-20,Smoothie,8
2365,2023-11-20,Tea,4
2366,2023-11-21,Coffee,9
2367,2023-11-21,Cookie,5
2368,2023-11-21,Juice,3
2369,2023-11-21,Salad,2
2370,2023-11-21,Sandwich,6
2371,2023-11-21,Smoothie,7
2372,2023-11-22,Cake,14
2373,2023-11-22,Coffee,2
2374,2023-11-22,Cookie,3
2375,2023-11-22,Juice,12
2376,2023-11-22,Salad,7
2377,2023-11-22,Sandwich,5
2378,2023-11-22,Smoothie,1
2379,2023-11-22,Tea,3
2380,2023-11-23,Cake,12
2381,2023-11-23,Coffee,10
2382,2023-11-23,Cookie,9
2383,2023-11-23,Juice,7
2384,2023-11-23,Salad,5
2385,2023-11-23,Sandwich,6
2386,2023-11-23,Smoothie,17
2387,2023-11-23,Tea,4
2388,2023-11-24,Cake,10
2389,2023-11-24,Coffee,3
2390,2023-11-24,Cookie,5
2391,2023-11-24,Juice,5
2392,2023-11-24,Salad,5
2393,2023-11-25,Cake,9
2394,2023-11-25,Coffee,9
2395,2023-11-25,Cookie,10
2396,2023-11-25,Juice,2
2397,2023-11-25,Salad,14
2398,2023-11-25,Sandwich,2
2399,2023-11-25,Smoothie,6
2400,2023-11-25,Tea,18
2401,2023-11-26,Cake,13
2402,2023-11-26,Coffee,9
2403,2023-11-26,Cookie,9
2404,2023-11-26,Juice,11
2405,2023-11-26,Salad,6
2406,2023-11-26,Sandwich,9
2407,2023-11-26,Smoothie,9
2408,2023-11-26,Tea,20
2409,2023-11-27,Cake,1
2410,2023-11-27,Coffee,13
2411,2023-11-27,Cookie,5
2412,2023-11-27,Juice,7
2413,2023-11-27,Salad,11
2414,2023-11-27,Sandwich,8
2415,2023-11-27,Smoothie,9
2416,2023-11-27,Tea,10
2417,2023-11-28,Cake,5
2418,2023-11-28,Coffee,4
2419,2023-11-28,Cookie,10
2420,2023-11-28,Juice,7
2421,2023-11-28,Salad,22
2422,2023-11-28,Sandwich,9
2423,2023-11-28,Smoothie,5
2424,2023-11-28,Tea,3
2425,2023-11-29,Cake,20
2426,2023-11-29,Coffee,6
2427,2023-11-29,Cookie,10
2428,2023-11-29,Juice,2
2429,2023-11-29,Salad,14
2430,2023-11-29,Sandwich,3
2431,2023-11-29,Smoothie,2
2432,2023-11-29,Tea,5
2433,2023-11-30,Cake,7
2434,2023-11-30,Coffee,12
2435,2023-11-30,Cookie,7
2436,2023-11-30,Juice,8
2437,2023-11-30,Salad,9
2438,2023-11-30,Smoothie,11
2439,2023-11-30,Tea,6
2440,2023-12-01,Cake,3
2441,2023-12-01,Coffee,6
2442,2023-12-01,Cookie,1
2443,2023-12-01,Juice,18
2444,2023-12-01,Salad,14
2445,2023-12-01,Sandwich,8
2446,2023-12-01,Smoothie,12
2447,2023-12-01,Tea,12
2448,2023-12-02,Cake,8
2449,2023-12-02,Coffee,19
2450,2023-12-02,Cookie,5
2451,2023-12-02,Juice,6
2452,2023-12-02,Salad,14
2453,2023-12-02,Sandwich,9
2454,2023-12-02,Smoothie,16
2455,2023-12-03,Cake,8
2456,2023-12-03,Coffee,16
2457,2023-12-03,Cookie,7
2458,2023-12-03,Juice,17
2459,2023-12-03,Salad,6
2460,2023-12-03,Sandwich,7
2461,2023-12-03,Smoothie,9
2462,2023-12-03,Tea,5
2463,2023-12-04,Cake,5
2464,2023-12-04,Coffee,17
2465,2023-12-04,Cookie,13
2466,2023-12-04,Juice,13
2467,2023-12-04,Salad,11
2468,2023-12-04,Sandwich,2
2469,2023-12-04,Smoothie,4
2470,2023-12-04,Tea,5
2471,2023-12-05,Coffee,7
2472,2023-12-05,Cookie,6
2473,2023-12-05,Juice,14
2474,2023-12-05,Salad,9
2475,2023-12-05,Sandwich,14
2476,2023-12-05,Smoothie,5
2477,2023-12-05,Tea,5
2478,2023-12-06,Cake,11
2479,2023-12-06,Coffee,13
2480,2023-12-06,Cookie,8
2481,2023-12-06,Juice,10
2482,2023-12-06,Salad,4
2483,2023-12-06,Sandwich,12
2484,2023-12-06,Smoothie,9
2485,2023-12-07,Cake,2
2486,2023-12-07,Coffee,6
2487,2023-12-07,Cookie,10
2488,2023-12-07,Juice,4
2489,2023-12-07,Salad,5
2490,2023-12-07,Sandwich,4
2491,2023-12-07,Smoothie,15
2492,2023-12-07,Tea,1
2493,2023-12-08,Cake,3
2494,2023-12-08,Coffee,18
2495,2023-12-08,Cookie,2
2496,2023-12-08,Juice,9
2497,2023-12-08,Salad,13
2498,2023-12-08,Sandwich,14
2499,2023-12-08,Smoothie,12
2500,2023-12-08,Tea,8
2501,2023-12-09,Cake,13
2502,2023-12-09,Coffee,15
2503,2023-12-09,Cookie,14
2504,2023-12-09,Juice,10
2505,2023-12-09,Salad,4
2506,2023-12-09,Sandwich,2
2507,2023-12-09,Tea,5
2508,2023-12-10,Cake,1
2509,2023-12-10,Coffee,12
2510,2023-12-10,Cookie,7
2511,2023-12-10,Juice,11
2512,2023-12-10,Salad,10
2513,2023-12-10,Sandwich,5
2514,2023-12-10,Smoothie,6
2515,2023-12-10,Tea,5
2516,2023-12-11,Coffee,6
2517,2023-12-11,Cookie,9
2518,2023-12-11,Juice,1
2519,2023-12-11,Salad,1
2520,2023-12-11,Sandwich,9
2521,2023-12-11,Smoothie,19
2522,2023-12-11,Tea,5
2523,2023-12-12,Cake,7
2524,2023-12-12,Coffee,7
2525,2023-12-12,Cookie,5
2526,2023-12-12,Juice,15
2527,2023-12-12,Smoothie,5
2528,2023-12-12,Tea,10
2529,2023-12-13,Cake,3
2530,2023-12-13,Juice,7
2531,2023-12-13,Salad,7
2532,2023-12-13,Sandwich,2
2533,2023-12-13,Smoothie,2
2534,2023-12-13,Tea,3
2535,2023-12-14,Cake,2
2536,2023-12-14,Coffee,5
2537,2023-12-14,Cookie,7
2538,2023-12-14,Juice,13
2539,2023-12-14,Salad,10
2540,2023-12-14,Sandwich,8
2541,2023-12-14,Smoothie,3
2542,2023-12-14,Tea,10
2543,2023-12-15,Cake,2
2544,2023-12-15,Coffee,10
2545,2023-12-15,Cookie,7
2546,2023-12-15,Juice,11
2547,2023-12-15,Salad,4
2548,2023-12-15,Sandwich,8
2549,2023-12-15,Smoothie,9
2550,2023-12-15,Tea,4
2551,2023-12-16,Cake,5
2552,2023-12-16,Coffee,11
2553,2023-12-16,Cookie,2
2554,2023-12-16,Juice,22
2555,2023-12-16,Salad,3
2556,2023-12-16,Sandwich,9
2557,2023-12-16,Tea,19
2558,2023-12-17,Cake,7
2559,2023-12-17,Coffee,2
2560,2023-12-17,Cookie,6
2561,2023-12-17,Juice,9
2562,2023-12-17,Salad,3
2563,2023-12-17,Sandwich,19
2564,2023-12-17,Smoothie,9
2565,2023-12-17,Tea,5
2566,2023-12-18,Cake,5
2567,2023-12-18,Coffee,8
2568,2023-12-18,Cookie,5
2569,2023-12-18,Juice,5
2570,2023-12-18,Salad,13
2571,2023-12-18,Sandwich,12
2572,2023-12-18,Smoothie,2
2573,2023-12-18,Tea,1
2574,2023-12-19,Cake,8
2575,2023-12-19,Coffee,16
2576,2023-12-19,Cookie,5
2577,2023-12-19,Juice,6
2578,2023-12-19,Salad,14
2579,2023-12-19,Sandwich,3
2580,2023-12-19,Tea,4
2581,2023-12-20,Cake,4
2582,2023-12-20,Coffee,9
2583,2023-12-20,Cookie,3
2584,2023-12-20,Salad,11
2585,2023-12-20,Smoothie,5
2586,2023-12-20,Tea,9
2587,2023-12-21,Cake,4
2588,2023-12-21,Coffee,17
2589,2023-12-21,Cookie,11
2590,2023-12-21,Juice,15
2591,2023-12-21,Salad,5
2592,2023-12-21,Sandwich,2
2593,2023-12-21,Smoothie,8
2594,2023-12-22,Cake,10
2595,2023-12-22,Coffee,4
2596,2023-12-22,Cookie,10
2597,2023-12-22,Juice,16
2598,2023-12-22,Salad,8
2599,2023-12-22,Sandwich,4
2600,2023-12-22,Smoothie,8
2601,2023-12-22,Tea,10
2602,2023-12-23,Cake,5
2603,2023-12-23,Coffee,1
2604,2023-12-23,Cookie,3
2605,2023-12-23,Juice,6
2606,2023-12-23,Salad,4
2607,2023-12-23,Sandwich,4
2608,2023-12-23,Smoothie,13
2609,2023-12-23,Tea,7
2610,2023-12-24,Cake,10
2611,2023-12-24,Coffee,12
2612,2023-12-24,Cookie,6
2613,2023-12-24,Juice,17
2614,2023-12-24,Salad,4
2615,2023-12-24,Sandwich,3
2616,2023-12-24,Smoothie,10
2617,2023-12-24,Tea,21
2618,2023-12-25,Coffee,4
2619,2023-12-25,Cookie,8
2620,2023-12-25,Juice,23
2621,2023-12-25,Salad,5
2622,2023-12-25,Sandwich,8
2623,2023-12-25,Smoothie,7
2624,2023-12-25,Tea,12
2625,2023-12-26,Cake,16
2626,2023-12-26,Coffee,4
2627,2023-12-26,Cookie,7
2628,2023-12-26,Juice,7
2629,2023-12-26,Salad,8
2630,2023-12-26,Sandwich,7
2631,2023-12-26,Smoothie,9
2632,2023-12-26,Tea,8
2633,2023-12-27,Cake,4
2634,2023-12-27,Coffee,6
2635,2023-12-27,Cookie,12
2636,2023-12-27,Juice,10
2637,2023-12-27,Salad,12
2638,2023-12-27,Sandwich,3
2639,2023-12-27,Smoothie,6
2640,2023-12-27,Tea,5
2641,2023-12-28,Cake,15
2642,2023-12-28,Coffee,4
2643,2023-12-28,Cookie,10
2644,2023-12-28,Juice,5
2645,2023-12-28,Salad,1
2646,2023-12-28,Smoothie,11
2647,2023-12-28,Tea,6
2648,2023-12-29,Cake,4
2649,2023-12-29,Cookie,7
2650,2023-12-29,Juice,12
2651,2023-12-29,Salad,3
2652,2023-12-29,Sandwich,2
2653,2023-12-29,Smoothie,5
2654,2023-12-29,Tea,9
2655,2023-12-30,Cake,3
2656,2023-12-30,Coffee,8
2657,2023-12-30,Cookie,8
2658,2023-12-30,Juice,11
2659,2023-12-30,Salad,9
2660,2023-12-30,Smoothie,1
2661,2023-12-30,Tea,8
2662,2023-12-31,Cake,4
2663,2023-12-31,Cookie,5
2664,2023-12-31,Juice,6
2665,2023-12-31,Salad,9
2666,2023-12-31,Sandwich,7
2667,2023-12-31,Smoothie,1
2668,2023-12-31,Tea,2
